star7js/bd-jb5	2026-08-13T14:00:43Z	2026-08-13T14:00:43Z	main
JRRN/BD-JB5	2026-08-08T08:33:15Z	2026-08-08T08:33:15Z	main
dainasong/BD-JB5	2026-08-07T12:30:09Z	2026-08-07T12:30:09Z	main
Pekadii/ps5-bdjb-autoloader	2026-07-22T08:24:08Z	2026-08-13T03:55:19Z	main
Mofarthim/BD-UN-JB	2026-07-13T02:51:51Z	2026-07-13T02:51:52Z	main
FreZZyBuilds/BD-UN-JB	2026-07-12T21:46:08Z	2026-07-12T21:46:08Z	main
chasewyrick/BD-UN-JB	2026-07-12T15:08:31Z	2026-07-12T15:08:31Z	main
tsautier/BD-UN-JB	2026-06-21T19:45:16Z	2026-08-05T08:04:04Z	main
kanemaki/BD-UN-JB	2026-06-20T19:37:09Z	2026-06-20T20:22:49Z	main
Loki66339/BD-UN-JB	2026-05-31T10:12:31Z	2026-05-31T10:12:31Z	main
almhtar/BD-UN-JB	2026-05-28T23:23:08Z	2026-05-28T23:23:08Z	main
MMohamadpour/BD-UN-JB	2026-05-27T07:54:58Z	2026-05-27T07:54:58Z	main
leecloudvictor/BD-UN-JB	2026-05-22T17:40:08Z	2026-05-22T17:40:08Z	main
JUNEww/BD-UN-JB	2026-05-22T07:28:41Z	2026-05-22T07:28:41Z	main
F2K23OLDDROID/BD-UN-JB	2026-05-21T14:40:24Z	2026-05-21T14:58:08Z	main
AtheS21/BD-UN-JB	2026-05-16T07:53:28Z	2026-05-16T15:36:34Z	main
WolfSc84/BD-UN-JB	2026-05-15T14:11:23Z	2026-05-15T14:11:23Z	main
mmmmsss09d-svg/BD-UN-JB	2026-05-14T00:54:30Z	2026-05-14T00:54:31Z	main
oluka007/BD-UN-JB	2026-05-10T12:45:21Z	2026-05-10T12:45:21Z	main
itsPLK/ps5-bdjb-autoloader	2026-05-03T12:36:51Z	2026-08-16T11:04:21Z	main
ps3120/BD-UN-JB	2026-05-03T11:33:06Z	2026-08-05T09:00:59Z	main
LEO98881/BD-UN-JB	2026-05-03T10:12:51Z	2026-05-03T10:12:51Z	main
DarkKnight-Bane/BD-UN-JB	2026-04-01T03:10:29Z	2026-04-01T03:10:29Z	main
owendswang/BD-JB5-Poops-Autoloader	2026-04-01T01:52:41Z	2026-08-13T20:46:20Z	main
Andrew-dll/bd-un-jb	2026-03-22T09:40:57Z	2026-03-22T09:40:57Z	main
caesar-systems/BD-UN-JB	2026-03-21T22:42:45Z	2026-03-21T22:42:45Z	main
gmh5225/BD-UN-JB	2026-03-21T11:41:55Z	2026-03-21T11:41:55Z	main
kennyhn88/BD-UN-JB	2026-03-21T10:36:50Z	2026-03-21T10:36:50Z	main
