path	size	sha256
900.mjs	20852	829a875a95bed94ec8d4cbe75d6412ceccb29730c9d6009f4f342e2102a76bb1
README.md	60	443e0480ba67c5d134c0ac3259939a57bf98ed1b7c9b5cdbdcf2655701b1284f
about.html	5162	d030a7b83c06553ad67303e027be1cc5e5f3e75f6773f531282d326c6630c1d4
alert.mjs	1609	2690c8b909976089729963456a57ef889740c6cba16300333808fed76135b474
code.mjs	7	c06e2cf81444d59942580cab37c8a5aa820f9e4165fad63d27a70ce734a17d3c
config.mjs	1704	c47af0ef83b609c1a30a92bb556b5bc6bbe601a2b1b300f7e1d7993874f62973
error.js	80	60d4de37c8f357db2ecfd41f39a4e173cbfa4ac72e502d09979af06fb4eb6838
exploit.mjs	22193	3dac1f21c65c66622760ee4526238deb756f24525624bfb4ccb4866778f71189
exploit800.mjs	26029	e5137e896ef60aef8abf82e84469a40a223ad801768315bb00710957dfdbd9c5
exploit900.mjs	22392	090a8d1270454cc9cc5ebf7291b25f266cb07263177085630ed1bd440bd17d74
exploitold.mjs	26313	e259eac8c6f65d2235aa6444c1c04e0761ec1f0e9844ef45d7a5ee2197c7e064
goldhen.mjs	8583	ccce9c91ea1232e9adb20f6db9b743cb106d9e666adb75222ee7effea0c323ae
index.html	384	a626da21957d5af34ffd2c1c1f74644bcff9c6a54a4e36e2aea6b8c19f263fd1
jbcheck.mjs	12479	d28d767f26f999adcc948232c8c1968725df56f1e4ca0059e4644dba1bbc3f0f
module/chain.mjs	5592	4af522268ee5bcfbca92177f484ce6d30c9c9a68a041145d804f32c36b500bfd
module/constants.mjs	773	27ce6981d3a26ce5ae125bceef73daf62040394e5c10541c1527bd15e66a86a7
module/int64.mjs	5506	108f960f7f5046bba81e00dd106677cee08e2afec3631f271016e8ebf668ada0
module/mem.mjs	5762	f9e2e90f508d2c89ed59fd3df5dd987d09cd63275fd58f896f51374fc2b4fc48
module/memtools.mjs	7256	0fc96c9d877c96ec8c5f95e72b8550d621cad3ea565fb7412192c02811bc8158
module/offset.mjs	1158	18db9c0ae608e908d863cf37b5a61c9940338b5aba40d545def90cbf1908e0f1
module/rw.mjs	2924	8c7f4caa9e089afb718582e30983008d3176cde6443e43c2296acb449c9aa793
module/utils.mjs	2117	e0126a9443e1de4e6c6abc312ad8afb53657a2e0838805d36bcb65054b9c65bd
payload.mjs	54882	15481cbb4d91e0d52ed26f61e5d059421e08ed4e9ad0fc2ba1fd75d135f4c105
reg.mjs	517	4e979623c78ddad7156bd47692805e8ff7c07aba47962a331faa5e894837863b
rop.mjs	34325	7dd514d2142f740f35602b9d1816e4fd90d1266fa5aef91541902d9a9327d2e0
rop/850.mjs	20819	63ea698a1fa19f59abf98aa4f7abb7f81c883b83c010436d2b4cf7d73221f0fd
rop/900.mjs	20852	829a875a95bed94ec8d4cbe75d6412ceccb29730c9d6009f4f342e2102a76bb1
rop/960.mjs	20841	89514658ba4fea97bede6422a8c750eb0ab801de9b52590fe9806310184fe87a
run.mjs	9586	51b208d5211d133c41e9bca1680c8126ad45e648d0db456ce2599cb8e2991747
set_target.mjs	589	726eec8fb9aa7eacc2772c9652cd4f4992453a55d2ecb0cd0081155e3b8f0dd0
ssv_len.mjs	258	eb1c44650d8e4be343ed873564dbaae51d6e2648599cafbaa94380e09ebb7330
test.mjs	267	4555a87bba1d8412572168b222ca546089807a0ec1d667d21c189aa6acc1517b
