ETAHEN/kernel.js	blob	f52ea7225cc00ffd8a147f2d09b782c50236260c	34180
ETAHEN/kernel_bpf_double_free.js	blob	e01d182dbb7672d33297d3573f32d0aaa98806b5	23946
ETAHEN/kernel_bpf_race.js	blob	c229e3f3191bd05b4b413710cdb80351589d129c	13260
ETAHEN/kernel_bpf_race_old.js	blob	639082cae08a33ccb5e50fa94914ac2d2ed9875a	14001
ETAHEN/kernel_namedobj.js	blob	b0bfa0f1bdc4548c35d082fe4ebfe5f4a533c254	15893
ETAHEN/rop.js	blob	3d235009167d1514da6abdbc9883645a57f4a89b	3305
ETAHEN/userland.js	blob	02cd2bfcae123d9f86c514ca2f22f2969ebf78cf	48282
FTP/kernel.js	blob	f52ea7225cc00ffd8a147f2d09b782c50236260c	34180
FTP/kernel_bpf_double_free.js	blob	b9f60e5a3b35a4011592d266dc20217714d35382	23940
FTP/kernel_bpf_race.js	blob	c229e3f3191bd05b4b413710cdb80351589d129c	13260
FTP/kernel_bpf_race_old.js	blob	639082cae08a33ccb5e50fa94914ac2d2ed9875a	14001
FTP/kernel_namedobj.js	blob	b0bfa0f1bdc4548c35d082fe4ebfe5f4a533c254	15893
FTP/rop.js	blob	3d235009167d1514da6abdbc9883645a57f4a89b	3305
FTP/userland.js	blob	a376f6697116686e44f64faa73dc4cc36e154828	48345
Loader/kernel.js	blob	f52ea7225cc00ffd8a147f2d09b782c50236260c	34180
Loader/kernel_bpf_double_free.js	blob	b9f60e5a3b35a4011592d266dc20217714d35382	23940
Loader/kernel_bpf_race.js	blob	c229e3f3191bd05b4b413710cdb80351589d129c	13260
Loader/kernel_bpf_race_old.js	blob	639082cae08a33ccb5e50fa94914ac2d2ed9875a	14001
Loader/kernel_namedobj.js	blob	b0bfa0f1bdc4548c35d082fe4ebfe5f4a533c254	15893
Loader/rop.js	blob	3d235009167d1514da6abdbc9883645a57f4a89b	3305
Loader/userland.js	blob	99d4c50da2e1babbf9265d22406a62f71aa881d7	49939
UART/kernel_bpf_double_free.js	blob	b9f60e5a3b35a4011592d266dc20217714d35382	23940
UART/kernel_bpf_race.js	blob	c229e3f3191bd05b4b413710cdb80351589d129c	13260
UART/kernel_bpf_race_old.js	blob	639082cae08a33ccb5e50fa94914ac2d2ed9875a	14001
UART/kernel_namedobj.js	blob	b0bfa0f1bdc4548c35d082fe4ebfe5f4a533c254	15893
UART/rop.js	blob	3d235009167d1514da6abdbc9883645a57f4a89b	3305
UART/userland.js	blob	93644b3300a6fbef8477e376811e163321180d5c	48493
a/kernel.js	blob	5d6acb7d6abd51332a494109119f24cfd2cc93d0	35001
a/kernel_bpf_double_free.js	blob	a96ea8f9648bacfd244e2225540f8f0fbadefb0a	24404
a/kernel_bpf_race.js	blob	49b2e937cabe5ccfede67710fc3bea7fc0a196cc	13550
a/kernel_bpf_race_old.js	blob	ec4c906f78356619f7ffe5ad3549ec76b423b137	14406
a/kernel_namedobj.js	blob	3f9012e02845df5601f04fb6b1792779862c50f1	16219
a/rop.js	blob	2fc48e1a0532edd9c2717863cdf881588a7ff2a1	3444
a/userland.js	blob	1bff21dce23cef2a5d4345958bd62f728449b57a	49601
boobs/rop.js	blob	2180b25cef270f359d9fbe1252e02792a872597d	5148
genuine/offsets	tree	46d192794cd189b735a4bfab4a5b58b5d7c6d366	0
genuine/offsets/3.00.js	blob	a7ab5a1183c8d0fe42ad9d4f700542cd08809570	14795
genuine/offsets/3.10.js	blob	cbdc93e89afab2f15bede0b85c4e018588f4a044	14829
genuine/offsets/3.20.js	blob	8da498585b4ab8bd9a1f7d3264eb8cf0baf39da8	14795
genuine/offsets/3.21.js	blob	253eebc2496ae14768bf460256b720bcb1fca184	14803
genuine/offsets/4.00.js	blob	d03f59f941d72e592671fc825b9ea2b39b870b82	14804
genuine/offsets/4.02.js	blob	b15e29a38ca694c5874e485e43b4007f7161bf1d	14831
genuine/offsets/4.03.js	blob	b8c85d7be0b571142ec6c925accf1a5c0eabb7fc	14831
genuine/offsets/4.50.js	blob	157f53ea0ab9e8c4fcda8ec7fc61a814f36d4892	14831
genuine/offsets/4.51.js	blob	9c1c550390e44faa43ab797491fa3a295c8a3ddb	14839
genuine/rop.js	blob	69ae896d54da79324645e4b0f7714f766ef6dac3	11145
genuine/rop_slave.js	blob	b02c55fa3e6be6f9fbf31f066d01933716b3f565	95
hen/offsets	tree	de70954d02100a51d89edb0453e30acd94a8d136	0
hen/offsets/1.00.js	blob	9e0316d1a3abb63710fa7343de79ac9e9b1ba23f	15441
hen/offsets/1.02.js	blob	21d9d56ddcd54d3b370a40f54ecede0f8f5a3be4	15441
hen/offsets/1.05.js	blob	2227f5b9acbaa1fb94e44a832f0201da4953f287	15121
hen/offsets/1.10.js	blob	fbd68fe7a6f1acf96ad124c6b601d7d834b9c678	15121
hen/offsets/1.11.js	blob	b3621ed21a89716723d032429e9a5dd554f590e3	15120
hen/offsets/1.12.js	blob	291e22c72e145092a7ab4e9f45dab1ec55f1ce4e	15120
hen/offsets/1.13.js	blob	291e22c72e145092a7ab4e9f45dab1ec55f1ce4e	15120
hen/offsets/1.14.js	blob	51ccce95d7e59ca3a5ddcde20f919901bc34971d	15120
hen/offsets/2.00.js	blob	f8997a3a62ad217930e78015ea015c55834ba59a	15534
hen/offsets/2.20.js	blob	cddfce5fe8c7de658b73f40d60cf7cfbbe8ca690	15082
hen/offsets/2.25.js	blob	44baa0c091cc4bfdfcf717f03db9d08a117cfaa4	15082
hen/offsets/2.26.js	blob	44baa0c091cc4bfdfcf717f03db9d08a117cfaa4	15082
hen/offsets/2.30.js	blob	f49a8f01cd1817bb04c81c823f13cd1fe6f95f79	15075
hen/offsets/2.50.js	blob	e2b0a096844e45b254ecb2afee59d12fdc47d5a1	15075
hen/offsets/2.70.js	blob	ef9b976df7236aba2ef0263c924e1a2ebdbd51e1	15535
hen/offsets/3.00.js	blob	ec78f3f0dd7a47acd246e85fe4be04eef09d5fe4	15079
hen/offsets/3.10.js	blob	d638f7092a92c4e48bf06dc6f55eb87d80e3d1f0	15127
hen/offsets/3.20.js	blob	f18d3e37add204dce2b3b06facb64f62dbcebe9d	15079
hen/offsets/3.21.js	blob	47bb2a27b3d7c0c04b7222ef58c9cc6b9fbd9f32	15119
hen/offsets/4.00.js	blob	87da9be5bc6267ac6a1674248fb374e213bdc185	15088
hen/offsets/4.02.js	blob	978c33bf43bfb4439a24e7a2640943973340f0cf	15079
hen/offsets/4.03.js	blob	978c33bf43bfb4439a24e7a2640943973340f0cf	15079
hen/offsets/4.50.js	blob	3fdb31637fa8e6d9f823ccd5ff8e857cbff14eda	15079
hen/offsets/4.51.js	blob	3fdb31637fa8e6d9f823ccd5ff8e857cbff14eda	15079
hen/offsets/5.00.js	blob	06bd51dd3ec27fffb3e090a1237e20b939c0c888	15235
hen/offsets/5.02.js	blob	06bd51dd3ec27fffb3e090a1237e20b939c0c888	15235
hen/offsets/5.10.js	blob	c71cea6f2d6405879dcf67ed4209d93050350d14	15235
hen/offsets/5.50.js	blob	89eb1d03c4a296043890e471acbc161088609469	15122
hen/psfree/module/offset.js	blob	509260cbdf55ba8248469297d3533de41ac5f6ce	1158
hen/rop.js	blob	382f5e9cc9c78dd1a864d1b946436073ccd51110	12458
hen/rop_slave.js	blob	b02c55fa3e6be6f9fbf31f066d01933716b3f565	95
hen2/offsets	tree	de70954d02100a51d89edb0453e30acd94a8d136	0
hen2/offsets/1.00.js	blob	9e0316d1a3abb63710fa7343de79ac9e9b1ba23f	15441
hen2/offsets/1.02.js	blob	21d9d56ddcd54d3b370a40f54ecede0f8f5a3be4	15441
hen2/offsets/1.05.js	blob	2227f5b9acbaa1fb94e44a832f0201da4953f287	15121
hen2/offsets/1.10.js	blob	fbd68fe7a6f1acf96ad124c6b601d7d834b9c678	15121
hen2/offsets/1.11.js	blob	b3621ed21a89716723d032429e9a5dd554f590e3	15120
hen2/offsets/1.12.js	blob	291e22c72e145092a7ab4e9f45dab1ec55f1ce4e	15120
hen2/offsets/1.13.js	blob	291e22c72e145092a7ab4e9f45dab1ec55f1ce4e	15120
hen2/offsets/1.14.js	blob	51ccce95d7e59ca3a5ddcde20f919901bc34971d	15120
hen2/offsets/2.00.js	blob	f8997a3a62ad217930e78015ea015c55834ba59a	15534
hen2/offsets/2.20.js	blob	cddfce5fe8c7de658b73f40d60cf7cfbbe8ca690	15082
hen2/offsets/2.25.js	blob	44baa0c091cc4bfdfcf717f03db9d08a117cfaa4	15082
hen2/offsets/2.26.js	blob	44baa0c091cc4bfdfcf717f03db9d08a117cfaa4	15082
hen2/offsets/2.30.js	blob	f49a8f01cd1817bb04c81c823f13cd1fe6f95f79	15075
hen2/offsets/2.50.js	blob	e2b0a096844e45b254ecb2afee59d12fdc47d5a1	15075
hen2/offsets/2.70.js	blob	ef9b976df7236aba2ef0263c924e1a2ebdbd51e1	15535
hen2/offsets/3.00.js	blob	ec78f3f0dd7a47acd246e85fe4be04eef09d5fe4	15079
hen2/offsets/3.10.js	blob	d638f7092a92c4e48bf06dc6f55eb87d80e3d1f0	15127
hen2/offsets/3.20.js	blob	f18d3e37add204dce2b3b06facb64f62dbcebe9d	15079
hen2/offsets/3.21.js	blob	47bb2a27b3d7c0c04b7222ef58c9cc6b9fbd9f32	15119
hen2/offsets/4.00.js	blob	87da9be5bc6267ac6a1674248fb374e213bdc185	15088
hen2/offsets/4.02.js	blob	978c33bf43bfb4439a24e7a2640943973340f0cf	15079
hen2/offsets/4.03.js	blob	978c33bf43bfb4439a24e7a2640943973340f0cf	15079
hen2/offsets/4.50.js	blob	3fdb31637fa8e6d9f823ccd5ff8e857cbff14eda	15079
hen2/offsets/4.51.js	blob	3fdb31637fa8e6d9f823ccd5ff8e857cbff14eda	15079
hen2/offsets/5.00.js	blob	06bd51dd3ec27fffb3e090a1237e20b939c0c888	15235
hen2/offsets/5.02.js	blob	06bd51dd3ec27fffb3e090a1237e20b939c0c888	15235
hen2/offsets/5.10.js	blob	c71cea6f2d6405879dcf67ed4209d93050350d14	15235
hen2/offsets/5.50.js	blob	89eb1d03c4a296043890e471acbc161088609469	15122
hen2/psfree/module/offset.js	blob	509260cbdf55ba8248469297d3533de41ac5f6ce	1158
hen2/rop.js	blob	382f5e9cc9c78dd1a864d1b946436073ccd51110	12458
hen2/rop_slave.js	blob	b02c55fa3e6be6f9fbf31f066d01933716b3f565	95
hen3/offsets	tree	de70954d02100a51d89edb0453e30acd94a8d136	0
hen3/offsets/1.00.js	blob	9e0316d1a3abb63710fa7343de79ac9e9b1ba23f	15441
hen3/offsets/1.02.js	blob	21d9d56ddcd54d3b370a40f54ecede0f8f5a3be4	15441
hen3/offsets/1.05.js	blob	2227f5b9acbaa1fb94e44a832f0201da4953f287	15121
hen3/offsets/1.10.js	blob	fbd68fe7a6f1acf96ad124c6b601d7d834b9c678	15121
hen3/offsets/1.11.js	blob	b3621ed21a89716723d032429e9a5dd554f590e3	15120
hen3/offsets/1.12.js	blob	291e22c72e145092a7ab4e9f45dab1ec55f1ce4e	15120
hen3/offsets/1.13.js	blob	291e22c72e145092a7ab4e9f45dab1ec55f1ce4e	15120
hen3/offsets/1.14.js	blob	51ccce95d7e59ca3a5ddcde20f919901bc34971d	15120
hen3/offsets/2.00.js	blob	f8997a3a62ad217930e78015ea015c55834ba59a	15534
hen3/offsets/2.20.js	blob	cddfce5fe8c7de658b73f40d60cf7cfbbe8ca690	15082
hen3/offsets/2.25.js	blob	44baa0c091cc4bfdfcf717f03db9d08a117cfaa4	15082
hen3/offsets/2.26.js	blob	44baa0c091cc4bfdfcf717f03db9d08a117cfaa4	15082
hen3/offsets/2.30.js	blob	f49a8f01cd1817bb04c81c823f13cd1fe6f95f79	15075
hen3/offsets/2.50.js	blob	e2b0a096844e45b254ecb2afee59d12fdc47d5a1	15075
hen3/offsets/2.70.js	blob	ef9b976df7236aba2ef0263c924e1a2ebdbd51e1	15535
hen3/offsets/3.00.js	blob	ec78f3f0dd7a47acd246e85fe4be04eef09d5fe4	15079
hen3/offsets/3.10.js	blob	d638f7092a92c4e48bf06dc6f55eb87d80e3d1f0	15127
hen3/offsets/3.20.js	blob	f18d3e37add204dce2b3b06facb64f62dbcebe9d	15079
hen3/offsets/3.21.js	blob	47bb2a27b3d7c0c04b7222ef58c9cc6b9fbd9f32	15119
hen3/offsets/4.00.js	blob	87da9be5bc6267ac6a1674248fb374e213bdc185	15088
hen3/offsets/4.02.js	blob	978c33bf43bfb4439a24e7a2640943973340f0cf	15079
hen3/offsets/4.03.js	blob	978c33bf43bfb4439a24e7a2640943973340f0cf	15079
hen3/offsets/4.50.js	blob	3fdb31637fa8e6d9f823ccd5ff8e857cbff14eda	15079
hen3/offsets/4.51.js	blob	3fdb31637fa8e6d9f823ccd5ff8e857cbff14eda	15079
hen3/offsets/5.00.js	blob	06bd51dd3ec27fffb3e090a1237e20b939c0c888	15235
hen3/offsets/5.02.js	blob	06bd51dd3ec27fffb3e090a1237e20b939c0c888	15235
hen3/offsets/5.10.js	blob	c71cea6f2d6405879dcf67ed4209d93050350d14	15235
hen3/offsets/5.50.js	blob	89eb1d03c4a296043890e471acbc161088609469	15122
hen3/psfree/module/offset.js	blob	509260cbdf55ba8248469297d3533de41ac5f6ce	1158
hen3/rop.js	blob	382f5e9cc9c78dd1a864d1b946436073ccd51110	12458
hen3/rop_slave.js	blob	b02c55fa3e6be6f9fbf31f066d01933716b3f565	95
idlesauce/offsets	tree	af85f786e4dc4e8210edc25aea53ff4b906f579c	0
idlesauce/offsets/1.00.js	blob	9e0316d1a3abb63710fa7343de79ac9e9b1ba23f	15441
idlesauce/offsets/1.01.js	blob	30b579974cce7926849e5b5cfca861c75f22f06f	15441
idlesauce/offsets/1.02.js	blob	5a91abc1f24ca321f1f7a89d3f01977518c7e2b0	15490
idlesauce/offsets/1.05.js	blob	04e0099c2f3f09bcaca57faeb1d06b8aaca4ff5f	15170
idlesauce/offsets/1.10.js	blob	53e4dff28b55475722463653de9c739c8cc2718b	15170
idlesauce/offsets/1.11.js	blob	6f9219623a5d990ce1bd50b8aa8a67534dcf2a76	15169
idlesauce/offsets/1.12.js	blob	4216185a35567e163eb9e02b5f3f672720d0a6b5	15169
idlesauce/offsets/1.13.js	blob	8980947de85cc115233816563c2557de1d04570a	15169
idlesauce/offsets/1.14.js	blob	636a023df1226d075e25cd9c8968db0b7ee58eed	15169
idlesauce/offsets/2.00.js	blob	5c4360647d0bdc9eb6b1248a6596ec7745d0ad6f	15582
idlesauce/offsets/2.20.js	blob	60681e85940fe74e67c7c28f2afe3ef8b8202c49	15130
idlesauce/offsets/2.25.js	blob	acc16a7376f960810778236f6a02eb1af29c6e11	15130
idlesauce/offsets/2.26.js	blob	acc16a7376f960810778236f6a02eb1af29c6e11	15130
idlesauce/offsets/2.30.js	blob	f386c5d459530482e833f1a536c31fc3e4828170	15123
idlesauce/offsets/2.50.js	blob	da715a2663ea33f0a4d2ba16239ec24722502343	15123
idlesauce/offsets/2.70.js	blob	d490d49c2373b2597a4492874908d3f51256f5b7	15583
idlesauce/offsets/3.00.js	blob	1dca1446793bbc64439580baed1a9415857cfa5b	15141
idlesauce/offsets/3.10.js	blob	c90764dc5d84ba9bd9b9e53ae6a8944921206be1	15189
idlesauce/offsets/3.20.js	blob	a384f122a7bff21d255e981bd2abd67f567196f5	15141
idlesauce/offsets/3.21.js	blob	1519100016cd20cabe2995fb7325023771244cc5	15149
idlesauce/offsets/4.00.js	blob	11e5864a6ea5e9add723087aafd862e8936a330b	15150
idlesauce/offsets/4.02.js	blob	ea047b3043d4592eb147753a627bff3d7fffcdf7	15141
idlesauce/offsets/4.03.js	blob	ea047b3043d4592eb147753a627bff3d7fffcdf7	15141
idlesauce/offsets/4.50.js	blob	d4a1d64d4c67edf868a6ccbc10992884e18d49aa	15141
idlesauce/offsets/4.51.js	blob	4c231d35845d4eb9047f94eb780ddf78404d03c6	15141
idlesauce/offsets/5.00.js	blob	f21ae461ca5b78326c6e998134bfb39aecb77656	15297
idlesauce/offsets/5.02.js	blob	f21ae461ca5b78326c6e998134bfb39aecb77656	15297
idlesauce/offsets/5.10.js	blob	9ef872d141f4661c418350aabc7c1d0802fcf777	15297
idlesauce/offsets/5.50.js	blob	7ec585f284d545dd62e914cf8f31a87562fc3c82	15184
idlesauce/psfree/module/offset.mjs	blob	23b45de528d55472b8b5681a3bc6ec08ffcd74d6	1747
idlesauce/rop.js	blob	382f5e9cc9c78dd1a864d1b946436073ccd51110	12458
idlesauce/rop_slave.js	blob	b02c55fa3e6be6f9fbf31f066d01933716b3f565	95
idlesauceretail/offsets	tree	af85f786e4dc4e8210edc25aea53ff4b906f579c	0
idlesauceretail/offsets/1.00.js	blob	9e0316d1a3abb63710fa7343de79ac9e9b1ba23f	15441
idlesauceretail/offsets/1.01.js	blob	30b579974cce7926849e5b5cfca861c75f22f06f	15441
idlesauceretail/offsets/1.02.js	blob	5a91abc1f24ca321f1f7a89d3f01977518c7e2b0	15490
idlesauceretail/offsets/1.05.js	blob	04e0099c2f3f09bcaca57faeb1d06b8aaca4ff5f	15170
idlesauceretail/offsets/1.10.js	blob	53e4dff28b55475722463653de9c739c8cc2718b	15170
idlesauceretail/offsets/1.11.js	blob	6f9219623a5d990ce1bd50b8aa8a67534dcf2a76	15169
idlesauceretail/offsets/1.12.js	blob	4216185a35567e163eb9e02b5f3f672720d0a6b5	15169
idlesauceretail/offsets/1.13.js	blob	8980947de85cc115233816563c2557de1d04570a	15169
idlesauceretail/offsets/1.14.js	blob	636a023df1226d075e25cd9c8968db0b7ee58eed	15169
idlesauceretail/offsets/2.00.js	blob	5c4360647d0bdc9eb6b1248a6596ec7745d0ad6f	15582
idlesauceretail/offsets/2.20.js	blob	60681e85940fe74e67c7c28f2afe3ef8b8202c49	15130
idlesauceretail/offsets/2.25.js	blob	acc16a7376f960810778236f6a02eb1af29c6e11	15130
idlesauceretail/offsets/2.26.js	blob	acc16a7376f960810778236f6a02eb1af29c6e11	15130
idlesauceretail/offsets/2.30.js	blob	f386c5d459530482e833f1a536c31fc3e4828170	15123
idlesauceretail/offsets/2.50.js	blob	da715a2663ea33f0a4d2ba16239ec24722502343	15123
idlesauceretail/offsets/2.70.js	blob	d490d49c2373b2597a4492874908d3f51256f5b7	15583
idlesauceretail/offsets/3.00.js	blob	1dca1446793bbc64439580baed1a9415857cfa5b	15141
idlesauceretail/offsets/3.10.js	blob	c90764dc5d84ba9bd9b9e53ae6a8944921206be1	15189
idlesauceretail/offsets/3.20.js	blob	a384f122a7bff21d255e981bd2abd67f567196f5	15141
idlesauceretail/offsets/3.21.js	blob	1519100016cd20cabe2995fb7325023771244cc5	15149
idlesauceretail/offsets/4.00.js	blob	11e5864a6ea5e9add723087aafd862e8936a330b	15150
idlesauceretail/offsets/4.02.js	blob	ea047b3043d4592eb147753a627bff3d7fffcdf7	15141
idlesauceretail/offsets/4.03.js	blob	ea047b3043d4592eb147753a627bff3d7fffcdf7	15141
idlesauceretail/offsets/4.50.js	blob	d4a1d64d4c67edf868a6ccbc10992884e18d49aa	15141
idlesauceretail/offsets/4.51.js	blob	4c231d35845d4eb9047f94eb780ddf78404d03c6	15141
idlesauceretail/offsets/5.00.js	blob	f21ae461ca5b78326c6e998134bfb39aecb77656	15297
idlesauceretail/offsets/5.02.js	blob	f21ae461ca5b78326c6e998134bfb39aecb77656	15297
idlesauceretail/offsets/5.10.js	blob	9ef872d141f4661c418350aabc7c1d0802fcf777	15297
idlesauceretail/offsets/5.50.js	blob	7ec585f284d545dd62e914cf8f31a87562fc3c82	15184
idlesauceretail/psfree/module/offset.mjs	blob	23b45de528d55472b8b5681a3bc6ec08ffcd74d6	1747
idlesauceretail/rop.js	blob	382f5e9cc9c78dd1a864d1b946436073ccd51110	12458
idlesauceretail/rop_slave.js	blob	b02c55fa3e6be6f9fbf31f066d01933716b3f565	95
jordy	tree	5ff12e6add5f633089fb151c7aa562b9645967f5	0
jordy/index.html	blob	4d9e8dd58f2471441b88300761626fb4949f14b3	28646
ksamj/rop.js	blob	353a9aea81c6c3eae395c501c68c9219aa894286	11151
ksamj/rop_slave.js	blob	b02c55fa3e6be6f9fbf31f066d01933716b3f565	95
kstack/offsets	tree	9080cdce94c4359ece68b479e2a77202c25bb9b3	0
kstack/offsets/1.00.js	blob	9e0316d1a3abb63710fa7343de79ac9e9b1ba23f	15441
kstack/offsets/1.02.js	blob	21d9d56ddcd54d3b370a40f54ecede0f8f5a3be4	15441
kstack/offsets/1.05.js	blob	2227f5b9acbaa1fb94e44a832f0201da4953f287	15121
kstack/offsets/1.10.js	blob	fbd68fe7a6f1acf96ad124c6b601d7d834b9c678	15121
kstack/offsets/1.11.js	blob	b3621ed21a89716723d032429e9a5dd554f590e3	15120
kstack/offsets/1.12.js	blob	291e22c72e145092a7ab4e9f45dab1ec55f1ce4e	15120
kstack/offsets/1.13.js	blob	291e22c72e145092a7ab4e9f45dab1ec55f1ce4e	15120
kstack/offsets/1.14.js	blob	51ccce95d7e59ca3a5ddcde20f919901bc34971d	15120
kstack/offsets/2.00.js	blob	f8997a3a62ad217930e78015ea015c55834ba59a	15534
kstack/offsets/2.20.js	blob	cddfce5fe8c7de658b73f40d60cf7cfbbe8ca690	15082
kstack/offsets/2.25.js	blob	44baa0c091cc4bfdfcf717f03db9d08a117cfaa4	15082
kstack/offsets/2.26.js	blob	44baa0c091cc4bfdfcf717f03db9d08a117cfaa4	15082
kstack/offsets/2.30.js	blob	f49a8f01cd1817bb04c81c823f13cd1fe6f95f79	15075
kstack/offsets/2.50.js	blob	e2b0a096844e45b254ecb2afee59d12fdc47d5a1	15075
kstack/offsets/2.70.js	blob	ef9b976df7236aba2ef0263c924e1a2ebdbd51e1	15535
kstack/offsets/3.00.js	blob	ec78f3f0dd7a47acd246e85fe4be04eef09d5fe4	15079
kstack/offsets/3.10.js	blob	d638f7092a92c4e48bf06dc6f55eb87d80e3d1f0	15127
kstack/offsets/3.20.js	blob	f18d3e37add204dce2b3b06facb64f62dbcebe9d	15079
kstack/offsets/3.21.js	blob	47bb2a27b3d7c0c04b7222ef58c9cc6b9fbd9f32	15119
kstack/offsets/4.00.js	blob	87da9be5bc6267ac6a1674248fb374e213bdc185	15088
kstack/offsets/4.02.js	blob	978c33bf43bfb4439a24e7a2640943973340f0cf	15079
kstack/offsets/4.03.js	blob	978c33bf43bfb4439a24e7a2640943973340f0cf	15079
kstack/offsets/4.50.js	blob	3fdb31637fa8e6d9f823ccd5ff8e857cbff14eda	15079
kstack/offsets/4.51.js	blob	3fdb31637fa8e6d9f823ccd5ff8e857cbff14eda	15079
kstack/offsets/5.00.js	blob	a99977825426ab8b7f5cf7cb5cde041211229076	15235
kstack/offsets/5.02.js	blob	06bd51dd3ec27fffb3e090a1237e20b939c0c888	15235
kstack/offsets/5.10.js	blob	c71cea6f2d6405879dcf67ed4209d93050350d14	15235
kstack/offsets/5.50.js	blob	89eb1d03c4a296043890e471acbc161088609469	15122
kstack/psfree/module/offset.js	blob	509260cbdf55ba8248469297d3533de41ac5f6ce	1158
kstack/rop.js	blob	382f5e9cc9c78dd1a864d1b946436073ccd51110	12458
kstack/rop_slave.js	blob	b02c55fa3e6be6f9fbf31f066d01933716b3f565	95
lapsus/lapse.mjs	blob	dda8c1d35f1d51645d31f9aaad6d0d731e2e7bec	56210
lapsus/lapse	tree	bb871ba2f664c86429f0496833215c4699318e42	0
lapsus/lapse/ps4	tree	8da3f6cb2d075a6c96dfc6a6d89adae6ed76caf7	0
lapsus/lapse/ps4/800.mjs	blob	b29d107fe9cf89f334572bffc30b2b2a24b9ee7b	1204
lapsus/lapse/ps4/850.mjs	blob	f7d24755cd2df61ff440bacb687014530f03e1a5	1191
lapsus/lapse/ps4/852.mjs	blob	25f65cddb585253876df0ccd3279f18b27d6cc7a	1191
lapsus/lapse/ps4/900.mjs	blob	407dc9d126cfaca7a5783b4e9620b61cb1241afd	1190
lapsus/lapse/ps4/903.mjs	blob	fb1179d272f4229972cb4dd9fc8a40f94995596c	1196
lapsus/lapse/ps4/950.mjs	blob	085d74e0de82fdce378727c3cd8b2b31f333ec1d	1205
lapsus/lapse/ps5	tree	bf232980605c4cd626e33520514b02da6d72408a	0
lapsus/lapse/ps5/.gitinclude	blob	e69de29bb2d1d6434b8b29ae775ad8c2e48c5391	0
lapsus/module/offset.mjs	blob	74c9dc007199714c263a1440393d8e00fe33a485	1931
lapsus/rop	tree	c4cc3d230757419b17ec26d05313210c7aae4f75	0
lapsus/rop/ps4	tree	94d656fe5124b0558c9ccfaa7ded4feec615bef6	0
lapsus/rop/ps4/800.mjs	blob	2b46c0dd6b3593e949ed1efeffb168825930b129	8366
lapsus/rop/ps4/850.mjs	blob	0606c2e0aa798da18a88d8cad7aaaeb145b5a853	8360
lapsus/rop/ps4/900.mjs	blob	9324e03745fb6b34e086432e197ffce610c9f9c3	8970
lapsus/rop/ps4/950.mjs	blob	1a04820165ac5053e9268b43f5515192c9c5dec8	9062
lapsus/rop/ps5	tree	bf232980605c4cd626e33520514b02da6d72408a	0
lapsus/rop/ps5/.gitinclude	blob	e69de29bb2d1d6434b8b29ae775ad8c2e48c5391	0
luasauce/offsets	tree	3e36634d5443a8dc00ecbd47f013de820c3d85d0	0
luasauce/offsets/1.00.js	blob	035df9a9aa02b53d96d07744b50c5d8a778a9419	15478
luasauce/offsets/1.01.js	blob	d5c31a2bb97b8f3fc3970dbcaa45a7616692d55e	15478
luasauce/offsets/1.02.js	blob	0738ab110f5c3acc8ed9b682d2fc75a8c0017ca6	15527
luasauce/offsets/1.05.js	blob	c1c1914d3904307a05ef53dfad72a72fab899477	15207
luasauce/offsets/1.10.js	blob	7f316ce7e88bbb1fc234aa280446d1960beddcff	15207
luasauce/offsets/1.11.js	blob	eb2af2cb8f855a08ffebb5dc32f519ae3b68b84f	15206
luasauce/offsets/1.12.js	blob	9229c3e2d8a29b34822f285eb4db809c51b3e182	15206
luasauce/offsets/1.13.js	blob	156f5a3678ea0ffcd5cbdb50c308b44a59eadc57	15206
luasauce/offsets/1.14.js	blob	e82aaccca840b892f8a30c5cefd71c0d97604a7b	15206
luasauce/offsets/2.00.js	blob	cd1811d7575c5fb2143ad720ac3b2c3da0c97dc5	15619
luasauce/offsets/2.20.js	blob	c5a321c4d4ee15abf4b61832a136fe1042c21543	15167
luasauce/offsets/2.25.js	blob	8d47e2a87aaa8233f7a1e6a234ae5e89ebd0d941	15167
luasauce/offsets/2.26.js	blob	8d47e2a87aaa8233f7a1e6a234ae5e89ebd0d941	15167
luasauce/offsets/2.30.js	blob	44af5044da75d1e60cb8b097463cc26f229a3462	15160
luasauce/offsets/2.50.js	blob	8f66cb2736ca0ad5c3ed20ac48849962947667ab	15160
luasauce/offsets/2.70.js	blob	03d540ce021e13bf80076d47ba19b9775b80c87b	15620
luasauce/offsets/3.00.js	blob	2510da9f775e7c5484df022a27a8ff55d80f5335	15177
luasauce/offsets/3.10.js	blob	ddf2a63070a9470b4c2599a59b429de250e8b15a	15201
luasauce/offsets/3.20.js	blob	642e0323269b747b7b1fd2496c0aaa89e10f5452	15177
luasauce/offsets/3.21.js	blob	8df1b05c2aed37085ae46f70589e76c879efec32	15185
luasauce/offsets/4.00.js	blob	dfd4d89660281043a71c35510ac3e7f9ff0b43cb	15186
luasauce/offsets/4.02.js	blob	000174642664af6b4cb0a440e6a0fefd4236559e	15177
luasauce/offsets/4.03.js	blob	9ea0460c3eecf562661da30d538e8f77ec5c13fe	15253
luasauce/offsets/4.50.js	blob	cba999fe2bed1ec3de23071ac54ec2938b0a19ba	15177
luasauce/offsets/4.51.js	blob	22cec2893e8bc9d71eb4b2603570277bd7c99a18	15177
luasauce/offsets/5.00.js	blob	82485e5cc18f9df5e5062c643a0b431049d02af6	15334
luasauce/offsets/5.02.js	blob	82485e5cc18f9df5e5062c643a0b431049d02af6	15334
luasauce/offsets/5.10.js	blob	4e13bfd5b1a09fda9ee4bbb049fbe3254c5388bf	15334
luasauce/offsets/5.50.js	blob	15227a69995603906340cc8f9bc52a1ae37a7992	15297
luasauce/psfree/module/offset.js	blob	23b45de528d55472b8b5681a3bc6ec08ffcd74d6	1747
luasauce/rop.js	blob	b6281e607a7c5ca3ca84234a55b2b65e7968ac13	28758
luasauce/rop_slave.js	blob	99898f9b409310c8104e81ad8304660397718983	89
luasaucedev/offsets	tree	3e36634d5443a8dc00ecbd47f013de820c3d85d0	0
luasaucedev/offsets/1.00.js	blob	035df9a9aa02b53d96d07744b50c5d8a778a9419	15478
luasaucedev/offsets/1.01.js	blob	d5c31a2bb97b8f3fc3970dbcaa45a7616692d55e	15478
luasaucedev/offsets/1.02.js	blob	0738ab110f5c3acc8ed9b682d2fc75a8c0017ca6	15527
luasaucedev/offsets/1.05.js	blob	c1c1914d3904307a05ef53dfad72a72fab899477	15207
luasaucedev/offsets/1.10.js	blob	7f316ce7e88bbb1fc234aa280446d1960beddcff	15207
luasaucedev/offsets/1.11.js	blob	eb2af2cb8f855a08ffebb5dc32f519ae3b68b84f	15206
luasaucedev/offsets/1.12.js	blob	9229c3e2d8a29b34822f285eb4db809c51b3e182	15206
luasaucedev/offsets/1.13.js	blob	156f5a3678ea0ffcd5cbdb50c308b44a59eadc57	15206
luasaucedev/offsets/1.14.js	blob	e82aaccca840b892f8a30c5cefd71c0d97604a7b	15206
luasaucedev/offsets/2.00.js	blob	cd1811d7575c5fb2143ad720ac3b2c3da0c97dc5	15619
luasaucedev/offsets/2.20.js	blob	c5a321c4d4ee15abf4b61832a136fe1042c21543	15167
luasaucedev/offsets/2.25.js	blob	8d47e2a87aaa8233f7a1e6a234ae5e89ebd0d941	15167
luasaucedev/offsets/2.26.js	blob	8d47e2a87aaa8233f7a1e6a234ae5e89ebd0d941	15167
luasaucedev/offsets/2.30.js	blob	44af5044da75d1e60cb8b097463cc26f229a3462	15160
luasaucedev/offsets/2.50.js	blob	8f66cb2736ca0ad5c3ed20ac48849962947667ab	15160
luasaucedev/offsets/2.70.js	blob	03d540ce021e13bf80076d47ba19b9775b80c87b	15620
luasaucedev/offsets/3.00.js	blob	2510da9f775e7c5484df022a27a8ff55d80f5335	15177
luasaucedev/offsets/3.10.js	blob	ddf2a63070a9470b4c2599a59b429de250e8b15a	15201
luasaucedev/offsets/3.20.js	blob	642e0323269b747b7b1fd2496c0aaa89e10f5452	15177
luasaucedev/offsets/3.21.js	blob	8df1b05c2aed37085ae46f70589e76c879efec32	15185
luasaucedev/offsets/4.00.js	blob	dfd4d89660281043a71c35510ac3e7f9ff0b43cb	15186
luasaucedev/offsets/4.02.js	blob	000174642664af6b4cb0a440e6a0fefd4236559e	15177
luasaucedev/offsets/4.03.js	blob	9ea0460c3eecf562661da30d538e8f77ec5c13fe	15253
luasaucedev/offsets/4.50.js	blob	cba999fe2bed1ec3de23071ac54ec2938b0a19ba	15177
luasaucedev/offsets/4.51.js	blob	22cec2893e8bc9d71eb4b2603570277bd7c99a18	15177
luasaucedev/offsets/5.00.js	blob	82485e5cc18f9df5e5062c643a0b431049d02af6	15334
luasaucedev/offsets/5.02.js	blob	82485e5cc18f9df5e5062c643a0b431049d02af6	15334
luasaucedev/offsets/5.10.js	blob	4e13bfd5b1a09fda9ee4bbb049fbe3254c5388bf	15334
luasaucedev/offsets/5.50.js	blob	15227a69995603906340cc8f9bc52a1ae37a7992	15297
luasaucedev/psfree/module/offset.js	blob	23b45de528d55472b8b5681a3bc6ec08ffcd74d6	1747
luasaucedev/rop.js	blob	67b9730238308f022645784f7f57ae3ea1dd4da1	27745
luasaucedev/rop_slave.js	blob	b02c55fa3e6be6f9fbf31f066d01933716b3f565	95
luasaucespoof/offsets	tree	b85ba37ff223826ab50a00f6b88c36c15c1d77d9	0
luasaucespoof/offsets/1.00.js	blob	035df9a9aa02b53d96d07744b50c5d8a778a9419	15478
luasaucespoof/offsets/1.01.js	blob	d5c31a2bb97b8f3fc3970dbcaa45a7616692d55e	15478
luasaucespoof/offsets/1.02.js	blob	0738ab110f5c3acc8ed9b682d2fc75a8c0017ca6	15527
luasaucespoof/offsets/1.05.js	blob	c1c1914d3904307a05ef53dfad72a72fab899477	15207
luasaucespoof/offsets/1.10.js	blob	7f316ce7e88bbb1fc234aa280446d1960beddcff	15207
luasaucespoof/offsets/1.11.js	blob	eb2af2cb8f855a08ffebb5dc32f519ae3b68b84f	15206
luasaucespoof/offsets/1.12.js	blob	9229c3e2d8a29b34822f285eb4db809c51b3e182	15206
luasaucespoof/offsets/1.13.js	blob	156f5a3678ea0ffcd5cbdb50c308b44a59eadc57	15206
luasaucespoof/offsets/1.14.js	blob	e82aaccca840b892f8a30c5cefd71c0d97604a7b	15206
luasaucespoof/offsets/2.00.js	blob	cd1811d7575c5fb2143ad720ac3b2c3da0c97dc5	15619
luasaucespoof/offsets/2.20.js	blob	c5a321c4d4ee15abf4b61832a136fe1042c21543	15167
luasaucespoof/offsets/2.25.js	blob	8d47e2a87aaa8233f7a1e6a234ae5e89ebd0d941	15167
luasaucespoof/offsets/2.26.js	blob	8d47e2a87aaa8233f7a1e6a234ae5e89ebd0d941	15167
luasaucespoof/offsets/2.30.js	blob	760e3c12752b64aef868edeaeffcce44020ab7c7	15393
luasaucespoof/offsets/2.50.js	blob	8f66cb2736ca0ad5c3ed20ac48849962947667ab	15160
luasaucespoof/offsets/2.70.js	blob	03d540ce021e13bf80076d47ba19b9775b80c87b	15620
luasaucespoof/offsets/3.00.js	blob	2510da9f775e7c5484df022a27a8ff55d80f5335	15177
luasaucespoof/offsets/3.10.js	blob	ddf2a63070a9470b4c2599a59b429de250e8b15a	15201
luasaucespoof/offsets/3.20.js	blob	642e0323269b747b7b1fd2496c0aaa89e10f5452	15177
luasaucespoof/offsets/3.21.js	blob	8df1b05c2aed37085ae46f70589e76c879efec32	15185
luasaucespoof/offsets/4.00.js	blob	dfd4d89660281043a71c35510ac3e7f9ff0b43cb	15186
luasaucespoof/offsets/4.02.js	blob	000174642664af6b4cb0a440e6a0fefd4236559e	15177
luasaucespoof/offsets/4.03.js	blob	9ea0460c3eecf562661da30d538e8f77ec5c13fe	15253
luasaucespoof/offsets/4.50.js	blob	cba999fe2bed1ec3de23071ac54ec2938b0a19ba	15177
luasaucespoof/offsets/4.51.js	blob	22cec2893e8bc9d71eb4b2603570277bd7c99a18	15177
luasaucespoof/offsets/5.00.js	blob	82485e5cc18f9df5e5062c643a0b431049d02af6	15334
luasaucespoof/offsets/5.02.js	blob	82485e5cc18f9df5e5062c643a0b431049d02af6	15334
luasaucespoof/offsets/5.10.js	blob	4e13bfd5b1a09fda9ee4bbb049fbe3254c5388bf	15334
luasaucespoof/offsets/5.50.js	blob	15227a69995603906340cc8f9bc52a1ae37a7992	15297
luasaucespoof/psfree/module/offset.js	blob	23b45de528d55472b8b5681a3bc6ec08ffcd74d6	1747
luasaucespoof/rop.js	blob	67b9730238308f022645784f7f57ae3ea1dd4da1	27745
luasaucespoof/rop_slave.js	blob	b02c55fa3e6be6f9fbf31f066d01933716b3f565	95
ntfargo/module/offset.mjs	blob	509260cbdf55ba8248469297d3533de41ac5f6ce	1158
ntfonto/src/lapse.js	blob	a87ac90f86d2fb0d6f9979c667338e05077a576c	35571
ntfonto/src/ps4/kernel.js	blob	1773c29bfaf501fba8552b9a79c74fb7d45a10c6	17818
ntfonto/src/ps4/offsets.mjs	blob	67cce366cbeb2a31602f0931dd5ea80c4f2e637d	2964
ntfonto/src/ps4/userland.js	blob	11cd3226639527eda6e3fabb83a652bbbba03add	37526
ntfonto/src/ps4/userland.mjs	blob	b74d467e7d8fd24534039c679218faeaaa3ecf6b	43082
ntfonto2/src/lapse.js	blob	a87ac90f86d2fb0d6f9979c667338e05077a576c	35571
ntfonto2/src/ps4/kernel.js	blob	5cacc1b9b1e66467c0154b4daf2806daf5dd3e5f	17818
ntfonto2/src/ps4/offsets.mjs	blob	67cce366cbeb2a31602f0931dd5ea80c4f2e637d	2964
ntfonto2/src/ps4/userland.js	blob	11cd3226639527eda6e3fabb83a652bbbba03add	37526
ntfonto2/src/ps4/userland.mjs	blob	b74d467e7d8fd24534039c679218faeaaa3ecf6b	43082
ps4/rop.js	blob	2180b25cef270f359d9fbe1252e02792a872597d	5148
ps5/offsets	tree	46d192794cd189b735a4bfab4a5b58b5d7c6d366	0
ps5/offsets/3.00.js	blob	a7ab5a1183c8d0fe42ad9d4f700542cd08809570	14795
ps5/offsets/3.10.js	blob	cbdc93e89afab2f15bede0b85c4e018588f4a044	14829
ps5/offsets/3.20.js	blob	8da498585b4ab8bd9a1f7d3264eb8cf0baf39da8	14795
ps5/offsets/3.21.js	blob	253eebc2496ae14768bf460256b720bcb1fca184	14803
ps5/offsets/4.00.js	blob	d03f59f941d72e592671fc825b9ea2b39b870b82	14804
ps5/offsets/4.02.js	blob	b15e29a38ca694c5874e485e43b4007f7161bf1d	14831
ps5/offsets/4.03.js	blob	b8c85d7be0b571142ec6c925accf1a5c0eabb7fc	14831
ps5/offsets/4.50.js	blob	157f53ea0ab9e8c4fcda8ec7fc61a814f36d4892	14831
ps5/offsets/4.51.js	blob	9c1c550390e44faa43ab797491fa3a295c8a3ddb	14839
ps5/rop.js	blob	69ae896d54da79324645e4b0f7714f766ef6dac3	11145
ps5/rop_slave.js	blob	b02c55fa3e6be6f9fbf31f066d01933716b3f565	95
ps5_dev/offsets	tree	46d192794cd189b735a4bfab4a5b58b5d7c6d366	0
ps5_dev/offsets/3.00.js	blob	a7ab5a1183c8d0fe42ad9d4f700542cd08809570	14795
ps5_dev/offsets/3.10.js	blob	cbdc93e89afab2f15bede0b85c4e018588f4a044	14829
ps5_dev/offsets/3.20.js	blob	8da498585b4ab8bd9a1f7d3264eb8cf0baf39da8	14795
ps5_dev/offsets/3.21.js	blob	253eebc2496ae14768bf460256b720bcb1fca184	14803
ps5_dev/offsets/4.00.js	blob	d03f59f941d72e592671fc825b9ea2b39b870b82	14804
ps5_dev/offsets/4.02.js	blob	b15e29a38ca694c5874e485e43b4007f7161bf1d	14831
ps5_dev/offsets/4.03.js	blob	b8c85d7be0b571142ec6c925accf1a5c0eabb7fc	14831
ps5_dev/offsets/4.50.js	blob	157f53ea0ab9e8c4fcda8ec7fc61a814f36d4892	14831
ps5_dev/offsets/4.51.js	blob	9c1c550390e44faa43ab797491fa3a295c8a3ddb	14839
ps5_dev/rop.js	blob	69ae896d54da79324645e4b0f7714f766ef6dac3	11145
ps5_dev/rop_slave.js	blob	b02c55fa3e6be6f9fbf31f066d01933716b3f565	95
ps5arcade/offsets	tree	74057a94f50dd390c5a6f3c36712e85d4422acdd	0
ps5arcade/offsets/3.00.js	blob	a7ab5a1183c8d0fe42ad9d4f700542cd08809570	14795
ps5arcade/offsets/3.10.js	blob	cbdc93e89afab2f15bede0b85c4e018588f4a044	14829
ps5arcade/offsets/3.20.js	blob	8da498585b4ab8bd9a1f7d3264eb8cf0baf39da8	14795
ps5arcade/offsets/3.21.js	blob	253eebc2496ae14768bf460256b720bcb1fca184	14803
ps5arcade/offsets/4.00.js	blob	c38d64124b16b4555c422728733c77e0d2b46e4a	14943
ps5arcade/offsets/4.02.js	blob	353baed7445d45da6131e4e6f455c418136f21ac	14831
ps5arcade/offsets/4.03.js	blob	b8c85d7be0b571142ec6c925accf1a5c0eabb7fc	14831
ps5arcade/offsets/4.50.js	blob	157f53ea0ab9e8c4fcda8ec7fc61a814f36d4892	14831
ps5arcade/offsets/4.51.js	blob	9c1c550390e44faa43ab797491fa3a295c8a3ddb	14839
ps5arcade/rop.js	blob	69ae896d54da79324645e4b0f7714f766ef6dac3	11145
ps5arcade/rop_slave.js	blob	b02c55fa3e6be6f9fbf31f066d01933716b3f565	95
ps5dev/offsets	tree	74057a94f50dd390c5a6f3c36712e85d4422acdd	0
ps5dev/offsets/3.00.js	blob	a7ab5a1183c8d0fe42ad9d4f700542cd08809570	14795
ps5dev/offsets/3.10.js	blob	cbdc93e89afab2f15bede0b85c4e018588f4a044	14829
ps5dev/offsets/3.20.js	blob	8da498585b4ab8bd9a1f7d3264eb8cf0baf39da8	14795
ps5dev/offsets/3.21.js	blob	253eebc2496ae14768bf460256b720bcb1fca184	14803
ps5dev/offsets/4.00.js	blob	c38d64124b16b4555c422728733c77e0d2b46e4a	14943
ps5dev/offsets/4.02.js	blob	353baed7445d45da6131e4e6f455c418136f21ac	14831
ps5dev/offsets/4.03.js	blob	b8c85d7be0b571142ec6c925accf1a5c0eabb7fc	14831
ps5dev/offsets/4.50.js	blob	157f53ea0ab9e8c4fcda8ec7fc61a814f36d4892	14831
ps5dev/offsets/4.51.js	blob	9c1c550390e44faa43ab797491fa3a295c8a3ddb	14839
ps5dev/rop.js	blob	69ae896d54da79324645e4b0f7714f766ef6dac3	11145
ps5dev/rop_slave.js	blob	b02c55fa3e6be6f9fbf31f066d01933716b3f565	95
ps5jb/offsets	tree	650ab4f14c69e940e44a1534f9008acd6f01235c	0
ps5jb/offsets/3.00.js	blob	73811fbaec98e3bc3ce945a85a55c5f2dde727d8	14964
ps5jb/offsets/3.10.js	blob	9c7698ea1227dd970c1f97e1656ebdad1ca6f50d	14995
ps5jb/offsets/3.20.js	blob	8c370c436dce4911ec140bc54a4c04a78914e9de	14961
ps5jb/offsets/3.21.js	blob	727ab630bd70bc3b43db203933ae2c7c5c371dbc	14969
ps5jb/offsets/4.00.js	blob	a03337537a44aaa2389891242ea04de925e548e1	14975
ps5jb/offsets/4.02.js	blob	167b18ffb37bb3d964d9a44707a2e2a56505a727	14966
ps5jb/offsets/4.03.js	blob	293711ac29fa48b2f1da49ac6df04dbea5cec6d1	14966
ps5jb/offsets/4.50.js	blob	4667a5c1902ba6a450b8ab11038412faa758c5e3	14966
ps5jb/offsets/4.51.js	blob	833ce98fa34b79869d2e5f6b1d80f7a17789e883	14974
ps5jb/rop.js	blob	69ae896d54da79324645e4b0f7714f766ef6dac3	11145
ps5jb/rop_slave.js	blob	b02c55fa3e6be6f9fbf31f066d01933716b3f565	95
ps5retail/offsets	tree	74057a94f50dd390c5a6f3c36712e85d4422acdd	0
ps5retail/offsets/3.00.js	blob	a7ab5a1183c8d0fe42ad9d4f700542cd08809570	14795
ps5retail/offsets/3.10.js	blob	cbdc93e89afab2f15bede0b85c4e018588f4a044	14829
ps5retail/offsets/3.20.js	blob	8da498585b4ab8bd9a1f7d3264eb8cf0baf39da8	14795
ps5retail/offsets/3.21.js	blob	253eebc2496ae14768bf460256b720bcb1fca184	14803
ps5retail/offsets/4.00.js	blob	c38d64124b16b4555c422728733c77e0d2b46e4a	14943
ps5retail/offsets/4.02.js	blob	353baed7445d45da6131e4e6f455c418136f21ac	14831
ps5retail/offsets/4.03.js	blob	b8c85d7be0b571142ec6c925accf1a5c0eabb7fc	14831
ps5retail/offsets/4.50.js	blob	157f53ea0ab9e8c4fcda8ec7fc61a814f36d4892	14831
ps5retail/offsets/4.51.js	blob	9c1c550390e44faa43ab797491fa3a295c8a3ddb	14839
ps5retail/rop.js	blob	69ae896d54da79324645e4b0f7714f766ef6dac3	11145
ps5retail/rop_slave.js	blob	b02c55fa3e6be6f9fbf31f066d01933716b3f565	95
psfree/kernel	tree	e17accbca6baceed48ee0bf5e7da673b3fe7f95e	0
psfree/kernel/80x.txt	blob	1ea45fdc9ffec2382276305c800f5bf3580ce1fb	855
psfree/kernel/exfathax_pico.img	blob	a7f9eea86426dcecbba414249890c35ddcea1dba	6144
psfree/module/offset.mjs	blob	509260cbdf55ba8248469297d3533de41ac5f6ce	1158
psfree/rop	tree	89cd21b99304a1cc823a3b29a2ce1b743697e9a7	0
psfree/rop/800.mjs	blob	0666856868018e42d8f69c50c7b085dee7f63ea6	41097
psfree/rop/850.mjs	blob	378dadc56ec8fed0a5a77b4301be3a1afd60d237	21126
psfree/rop/900.mjs	blob	f2fedc5e10d48a35235f0da4d0836ccfa8f7aa97	21126
psfree/rop/950.mjs	blob	017a981282af70b2842dd152f78f1018e3bde569	21114
specter/offsets	tree	603be1dd1c81980baca07073b0865bf4a12f199c	0
specter/offsets/1.00.js	blob	9e0316d1a3abb63710fa7343de79ac9e9b1ba23f	15441
specter/offsets/1.01.js	blob	21d9d56ddcd54d3b370a40f54ecede0f8f5a3be4	15441
specter/offsets/1.02.js	blob	21d9d56ddcd54d3b370a40f54ecede0f8f5a3be4	15441
specter/offsets/1.05.js	blob	2227f5b9acbaa1fb94e44a832f0201da4953f287	15121
specter/offsets/1.10.js	blob	fbd68fe7a6f1acf96ad124c6b601d7d834b9c678	15121
specter/offsets/1.11.js	blob	b3621ed21a89716723d032429e9a5dd554f590e3	15120
specter/offsets/1.12.js	blob	291e22c72e145092a7ab4e9f45dab1ec55f1ce4e	15120
specter/offsets/1.13.js	blob	291e22c72e145092a7ab4e9f45dab1ec55f1ce4e	15120
specter/offsets/1.14.js	blob	51ccce95d7e59ca3a5ddcde20f919901bc34971d	15120
specter/offsets/2.00.js	blob	f8997a3a62ad217930e78015ea015c55834ba59a	15534
specter/offsets/2.20.js	blob	cddfce5fe8c7de658b73f40d60cf7cfbbe8ca690	15082
specter/offsets/2.25.js	blob	44baa0c091cc4bfdfcf717f03db9d08a117cfaa4	15082
specter/offsets/2.26.js	blob	44baa0c091cc4bfdfcf717f03db9d08a117cfaa4	15082
specter/offsets/2.30.js	blob	f49a8f01cd1817bb04c81c823f13cd1fe6f95f79	15075
specter/offsets/2.50.js	blob	e2b0a096844e45b254ecb2afee59d12fdc47d5a1	15075
specter/offsets/2.70.js	blob	ef9b976df7236aba2ef0263c924e1a2ebdbd51e1	15535
specter/offsets/3.00.js	blob	ec78f3f0dd7a47acd246e85fe4be04eef09d5fe4	15079
specter/offsets/3.10.js	blob	d638f7092a92c4e48bf06dc6f55eb87d80e3d1f0	15127
specter/offsets/3.20.js	blob	f18d3e37add204dce2b3b06facb64f62dbcebe9d	15079
specter/offsets/3.21.js	blob	ef2e8556d380699d1aecc61181c267fa904e6711	15087
specter/offsets/4.00.js	blob	87da9be5bc6267ac6a1674248fb374e213bdc185	15088
specter/offsets/4.02.js	blob	978c33bf43bfb4439a24e7a2640943973340f0cf	15079
specter/offsets/4.03.js	blob	978c33bf43bfb4439a24e7a2640943973340f0cf	15079
specter/offsets/4.50.js	blob	3fdb31637fa8e6d9f823ccd5ff8e857cbff14eda	15079
specter/offsets/4.51.js	blob	3fdb31637fa8e6d9f823ccd5ff8e857cbff14eda	15079
specter/offsets/5.00.js	blob	06bd51dd3ec27fffb3e090a1237e20b939c0c888	15235
specter/offsets/5.02.js	blob	06bd51dd3ec27fffb3e090a1237e20b939c0c888	15235
specter/offsets/5.10.js	blob	c71cea6f2d6405879dcf67ed4209d93050350d14	15235
specter/offsets/5.50.js	blob	89eb1d03c4a296043890e471acbc161088609469	15122
specter/psfree/module/offset.js	blob	509260cbdf55ba8248469297d3533de41ac5f6ce	1158
specter/rop.js	blob	382f5e9cc9c78dd1a864d1b946436073ccd51110	12458
specter/rop_slave.js	blob	b02c55fa3e6be6f9fbf31f066d01933716b3f565	95
stuff/rop.js	blob	787105429d782b6f5a81ec5c75845dd5aecb9684	9523
stuff/userland.js	blob	d2c04ff3157a3b863176e3fe3527fdc0d6a292c0	33879
terex777/offsets	tree	7f25793f481da5c4f09e45fe39ba1ca0481b6e65	0
terex777/offsets/1.00.js	blob	9e0316d1a3abb63710fa7343de79ac9e9b1ba23f	15441
terex777/offsets/1.02.js	blob	21d9d56ddcd54d3b370a40f54ecede0f8f5a3be4	15441
terex777/offsets/1.05.js	blob	2227f5b9acbaa1fb94e44a832f0201da4953f287	15121
terex777/offsets/1.10.js	blob	fbd68fe7a6f1acf96ad124c6b601d7d834b9c678	15121
terex777/offsets/1.11.js	blob	b3621ed21a89716723d032429e9a5dd554f590e3	15120
terex777/offsets/1.12.js	blob	291e22c72e145092a7ab4e9f45dab1ec55f1ce4e	15120
terex777/offsets/1.13.js	blob	291e22c72e145092a7ab4e9f45dab1ec55f1ce4e	15120
terex777/offsets/1.14.js	blob	51ccce95d7e59ca3a5ddcde20f919901bc34971d	15120
terex777/offsets/2.00.js	blob	f8997a3a62ad217930e78015ea015c55834ba59a	15534
terex777/offsets/2.20.js	blob	cddfce5fe8c7de658b73f40d60cf7cfbbe8ca690	15082
terex777/offsets/2.25.js	blob	44baa0c091cc4bfdfcf717f03db9d08a117cfaa4	15082
terex777/offsets/2.26.js	blob	44baa0c091cc4bfdfcf717f03db9d08a117cfaa4	15082
terex777/offsets/2.30.js	blob	f49a8f01cd1817bb04c81c823f13cd1fe6f95f79	15075
terex777/offsets/2.50.js	blob	e2b0a096844e45b254ecb2afee59d12fdc47d5a1	15075
terex777/offsets/2.70.js	blob	ef9b976df7236aba2ef0263c924e1a2ebdbd51e1	15535
terex777/offsets/3.00.js	blob	ec78f3f0dd7a47acd246e85fe4be04eef09d5fe4	15079
terex777/offsets/3.10.js	blob	d638f7092a92c4e48bf06dc6f55eb87d80e3d1f0	15127
terex777/offsets/3.20.js	blob	f18d3e37add204dce2b3b06facb64f62dbcebe9d	15079
terex777/offsets/3.21.js	blob	47bb2a27b3d7c0c04b7222ef58c9cc6b9fbd9f32	15119
terex777/offsets/4.00.js	blob	87da9be5bc6267ac6a1674248fb374e213bdc185	15088
terex777/offsets/4.02.js	blob	978c33bf43bfb4439a24e7a2640943973340f0cf	15079
terex777/offsets/4.03.js	blob	978c33bf43bfb4439a24e7a2640943973340f0cf	15079
terex777/offsets/4.50.js	blob	3fdb31637fa8e6d9f823ccd5ff8e857cbff14eda	15079
terex777/offsets/4.51.js	blob	c3a02a2637b014d9819bb82d13efb6e3672e6f42	15111
terex777/offsets/5.00.js	blob	06bd51dd3ec27fffb3e090a1237e20b939c0c888	15235
terex777/offsets/5.02.js	blob	06bd51dd3ec27fffb3e090a1237e20b939c0c888	15235
terex777/offsets/5.10.js	blob	c71cea6f2d6405879dcf67ed4209d93050350d14	15235
terex777/offsets/5.50.js	blob	89eb1d03c4a296043890e471acbc161088609469	15122
terex777/psfree/module/offset.js	blob	509260cbdf55ba8248469297d3533de41ac5f6ce	1158
terex777/rop.js	blob	382f5e9cc9c78dd1a864d1b946436073ccd51110	12458
terex777/rop_slave.js	blob	b02c55fa3e6be6f9fbf31f066d01933716b3f565	95
umtx/offsets	tree	7b6fd69ecb2e6ac13a9a74218e0cc2943aa4c12a	0
umtx/offsets/1.00.js	blob	b5d9f3e5d744f914f77cb2a77b8917868c666f14	15319
umtx/offsets/1.01.js	blob	d2a1cea4d014af581013802f0764926b43d41036	15320
umtx/offsets/1.02.js	blob	d4c75c93847d856ec1e09eabad037936be75d082	15365
umtx/offsets/1.05.js	blob	0edb8e79bd894cee551403a5cf4ce3b1c3469e1b	15085
umtx/offsets/1.10.js	blob	d03a592c726b1eecf895183c44e53a7103196b6f	15085
umtx/offsets/1.11.js	blob	d1d0f230d6864b3958d5b7f651e5c723a3a33e7b	15084
umtx/offsets/1.12.js	blob	73962b2f1aa57502bb3e5226d077c77ba9d9bf01	15084
umtx/offsets/1.13.js	blob	e4bbba212fb6bd5de29497826889e796b18a86df	15084
umtx/offsets/1.14.js	blob	bbec51afcfd9f148e42198fd488c7ac9f31e2db0	15084
umtx/offsets/2.00.js	blob	1242ff86933c7b9e6edd31c2d660b11285c0c385	15459
umtx/offsets/2.20.js	blob	2f1d30920d12f20d9a24784cb66c8ca544f61437	15067
umtx/offsets/2.25.js	blob	c7249eae618fb795c808db0a945fd8d608e7e19c	15067
umtx/offsets/2.26.js	blob	c7249eae618fb795c808db0a945fd8d608e7e19c	15067
umtx/offsets/2.30.js	blob	82a62e1ca2527600176e36c363d8a4d1fbb61141	15060
umtx/offsets/2.50.js	blob	f1539ed165713c4e34341083348dd61ab40bb5d7	15060
umtx/offsets/2.70.js	blob	9910003adf63c8790ca4fa53962ea44a2f10903f	15460
umtx/offsets/3.00.js	blob	80f5579a3beeb7a0b8ed046655beb502dec75ed6	15080
umtx/offsets/3.10.js	blob	97a83777c7442318c8b1d6c5242b191023efe258	15128
umtx/offsets/3.20.js	blob	4d069453ed7cb3b6a205d62550a12372f031e081	15080
umtx/offsets/3.21.js	blob	2f394ca46987f7ea6464e1635ac05cddbb687456	15088
umtx/offsets/4.00.js	blob	f0c38d6820f562c9b6f286901bc6c4f5caf072b3	15089
umtx/offsets/4.02.js	blob	fe80ffec5225249bf6d1714fb7ea7e28bd41038d	15080
umtx/offsets/4.03.js	blob	fe80ffec5225249bf6d1714fb7ea7e28bd41038d	15080
umtx/offsets/4.50.js	blob	223e40c66bbd769c2c078dad1c0ca8f2df8a14a5	15080
umtx/offsets/4.51.js	blob	be96c6a8fd32e7c0bc1a3842677554759f56a168	15080
umtx/offsets/5.00.js	blob	dea4acc8eb3db46c3433f20906850594920021cd	15153
umtx/offsets/5.02.js	blob	dea4acc8eb3db46c3433f20906850594920021cd	15153
umtx/offsets/5.10.js	blob	6084bf87f33d7fd99ce97c1d83e2055bf1613178	15153
umtx/offsets/5.50.js	blob	f2ed497ec7c5633344093985e9099fd94992863f	15040
umtx/psfree/module/offset.js	blob	509260cbdf55ba8248469297d3533de41ac5f6ce	1158
umtx/rop.js	blob	382f5e9cc9c78dd1a864d1b946436073ccd51110	12458
umtx/rop_slave.js	blob	b02c55fa3e6be6f9fbf31f066d01933716b3f565	95
umtx2/offsets	tree	7f25793f481da5c4f09e45fe39ba1ca0481b6e65	0
umtx2/offsets/1.00.js	blob	9e0316d1a3abb63710fa7343de79ac9e9b1ba23f	15441
umtx2/offsets/1.02.js	blob	21d9d56ddcd54d3b370a40f54ecede0f8f5a3be4	15441
umtx2/offsets/1.05.js	blob	2227f5b9acbaa1fb94e44a832f0201da4953f287	15121
umtx2/offsets/1.10.js	blob	fbd68fe7a6f1acf96ad124c6b601d7d834b9c678	15121
umtx2/offsets/1.11.js	blob	b3621ed21a89716723d032429e9a5dd554f590e3	15120
umtx2/offsets/1.12.js	blob	291e22c72e145092a7ab4e9f45dab1ec55f1ce4e	15120
umtx2/offsets/1.13.js	blob	291e22c72e145092a7ab4e9f45dab1ec55f1ce4e	15120
umtx2/offsets/1.14.js	blob	51ccce95d7e59ca3a5ddcde20f919901bc34971d	15120
umtx2/offsets/2.00.js	blob	f8997a3a62ad217930e78015ea015c55834ba59a	15534
umtx2/offsets/2.20.js	blob	cddfce5fe8c7de658b73f40d60cf7cfbbe8ca690	15082
umtx2/offsets/2.25.js	blob	44baa0c091cc4bfdfcf717f03db9d08a117cfaa4	15082
umtx2/offsets/2.26.js	blob	44baa0c091cc4bfdfcf717f03db9d08a117cfaa4	15082
umtx2/offsets/2.30.js	blob	f49a8f01cd1817bb04c81c823f13cd1fe6f95f79	15075
umtx2/offsets/2.50.js	blob	e2b0a096844e45b254ecb2afee59d12fdc47d5a1	15075
umtx2/offsets/2.70.js	blob	ef9b976df7236aba2ef0263c924e1a2ebdbd51e1	15535
umtx2/offsets/3.00.js	blob	ec78f3f0dd7a47acd246e85fe4be04eef09d5fe4	15079
umtx2/offsets/3.10.js	blob	d638f7092a92c4e48bf06dc6f55eb87d80e3d1f0	15127
umtx2/offsets/3.20.js	blob	f18d3e37add204dce2b3b06facb64f62dbcebe9d	15079
umtx2/offsets/3.21.js	blob	47bb2a27b3d7c0c04b7222ef58c9cc6b9fbd9f32	15119
umtx2/offsets/4.00.js	blob	87da9be5bc6267ac6a1674248fb374e213bdc185	15088
umtx2/offsets/4.02.js	blob	978c33bf43bfb4439a24e7a2640943973340f0cf	15079
umtx2/offsets/4.03.js	blob	978c33bf43bfb4439a24e7a2640943973340f0cf	15079
umtx2/offsets/4.50.js	blob	3fdb31637fa8e6d9f823ccd5ff8e857cbff14eda	15079
umtx2/offsets/4.51.js	blob	c3a02a2637b014d9819bb82d13efb6e3672e6f42	15111
umtx2/offsets/5.00.js	blob	06bd51dd3ec27fffb3e090a1237e20b939c0c888	15235
umtx2/offsets/5.02.js	blob	06bd51dd3ec27fffb3e090a1237e20b939c0c888	15235
umtx2/offsets/5.10.js	blob	c71cea6f2d6405879dcf67ed4209d93050350d14	15235
umtx2/offsets/5.50.js	blob	89eb1d03c4a296043890e471acbc161088609469	15122
umtx2/psfree/module/offset.js	blob	509260cbdf55ba8248469297d3533de41ac5f6ce	1158
umtx2/rop.js	blob	382f5e9cc9c78dd1a864d1b946436073ccd51110	12458
umtx2/rop_slave.js	blob	b02c55fa3e6be6f9fbf31f066d01933716b3f565	95
umtx3/offsets	tree	de70954d02100a51d89edb0453e30acd94a8d136	0
umtx3/offsets/1.00.js	blob	9e0316d1a3abb63710fa7343de79ac9e9b1ba23f	15441
umtx3/offsets/1.02.js	blob	21d9d56ddcd54d3b370a40f54ecede0f8f5a3be4	15441
umtx3/offsets/1.05.js	blob	2227f5b9acbaa1fb94e44a832f0201da4953f287	15121
umtx3/offsets/1.10.js	blob	fbd68fe7a6f1acf96ad124c6b601d7d834b9c678	15121
umtx3/offsets/1.11.js	blob	b3621ed21a89716723d032429e9a5dd554f590e3	15120
umtx3/offsets/1.12.js	blob	291e22c72e145092a7ab4e9f45dab1ec55f1ce4e	15120
umtx3/offsets/1.13.js	blob	291e22c72e145092a7ab4e9f45dab1ec55f1ce4e	15120
umtx3/offsets/1.14.js	blob	51ccce95d7e59ca3a5ddcde20f919901bc34971d	15120
umtx3/offsets/2.00.js	blob	f8997a3a62ad217930e78015ea015c55834ba59a	15534
umtx3/offsets/2.20.js	blob	cddfce5fe8c7de658b73f40d60cf7cfbbe8ca690	15082
umtx3/offsets/2.25.js	blob	44baa0c091cc4bfdfcf717f03db9d08a117cfaa4	15082
umtx3/offsets/2.26.js	blob	44baa0c091cc4bfdfcf717f03db9d08a117cfaa4	15082
umtx3/offsets/2.30.js	blob	f49a8f01cd1817bb04c81c823f13cd1fe6f95f79	15075
umtx3/offsets/2.50.js	blob	e2b0a096844e45b254ecb2afee59d12fdc47d5a1	15075
umtx3/offsets/2.70.js	blob	ef9b976df7236aba2ef0263c924e1a2ebdbd51e1	15535
umtx3/offsets/3.00.js	blob	ec78f3f0dd7a47acd246e85fe4be04eef09d5fe4	15079
umtx3/offsets/3.10.js	blob	d638f7092a92c4e48bf06dc6f55eb87d80e3d1f0	15127
umtx3/offsets/3.20.js	blob	f18d3e37add204dce2b3b06facb64f62dbcebe9d	15079
umtx3/offsets/3.21.js	blob	47bb2a27b3d7c0c04b7222ef58c9cc6b9fbd9f32	15119
umtx3/offsets/4.00.js	blob	87da9be5bc6267ac6a1674248fb374e213bdc185	15088
umtx3/offsets/4.02.js	blob	978c33bf43bfb4439a24e7a2640943973340f0cf	15079
umtx3/offsets/4.03.js	blob	978c33bf43bfb4439a24e7a2640943973340f0cf	15079
umtx3/offsets/4.50.js	blob	3fdb31637fa8e6d9f823ccd5ff8e857cbff14eda	15079
umtx3/offsets/4.51.js	blob	3fdb31637fa8e6d9f823ccd5ff8e857cbff14eda	15079
umtx3/offsets/5.00.js	blob	06bd51dd3ec27fffb3e090a1237e20b939c0c888	15235
umtx3/offsets/5.02.js	blob	06bd51dd3ec27fffb3e090a1237e20b939c0c888	15235
umtx3/offsets/5.10.js	blob	c71cea6f2d6405879dcf67ed4209d93050350d14	15235
umtx3/offsets/5.50.js	blob	89eb1d03c4a296043890e471acbc161088609469	15122
umtx3/psfree/module/offset.js	blob	509260cbdf55ba8248469297d3533de41ac5f6ce	1158
umtx3/rop.js	blob	382f5e9cc9c78dd1a864d1b946436073ccd51110	12458
umtx3/rop_slave.js	blob	b02c55fa3e6be6f9fbf31f066d01933716b3f565	95
umtx4/offsets	tree	de70954d02100a51d89edb0453e30acd94a8d136	0
umtx4/offsets/1.00.js	blob	9e0316d1a3abb63710fa7343de79ac9e9b1ba23f	15441
umtx4/offsets/1.02.js	blob	21d9d56ddcd54d3b370a40f54ecede0f8f5a3be4	15441
umtx4/offsets/1.05.js	blob	2227f5b9acbaa1fb94e44a832f0201da4953f287	15121
umtx4/offsets/1.10.js	blob	fbd68fe7a6f1acf96ad124c6b601d7d834b9c678	15121
umtx4/offsets/1.11.js	blob	b3621ed21a89716723d032429e9a5dd554f590e3	15120
umtx4/offsets/1.12.js	blob	291e22c72e145092a7ab4e9f45dab1ec55f1ce4e	15120
umtx4/offsets/1.13.js	blob	291e22c72e145092a7ab4e9f45dab1ec55f1ce4e	15120
umtx4/offsets/1.14.js	blob	51ccce95d7e59ca3a5ddcde20f919901bc34971d	15120
umtx4/offsets/2.00.js	blob	f8997a3a62ad217930e78015ea015c55834ba59a	15534
umtx4/offsets/2.20.js	blob	cddfce5fe8c7de658b73f40d60cf7cfbbe8ca690	15082
umtx4/offsets/2.25.js	blob	44baa0c091cc4bfdfcf717f03db9d08a117cfaa4	15082
umtx4/offsets/2.26.js	blob	44baa0c091cc4bfdfcf717f03db9d08a117cfaa4	15082
umtx4/offsets/2.30.js	blob	f49a8f01cd1817bb04c81c823f13cd1fe6f95f79	15075
umtx4/offsets/2.50.js	blob	e2b0a096844e45b254ecb2afee59d12fdc47d5a1	15075
umtx4/offsets/2.70.js	blob	ef9b976df7236aba2ef0263c924e1a2ebdbd51e1	15535
umtx4/offsets/3.00.js	blob	ec78f3f0dd7a47acd246e85fe4be04eef09d5fe4	15079
umtx4/offsets/3.10.js	blob	d638f7092a92c4e48bf06dc6f55eb87d80e3d1f0	15127
umtx4/offsets/3.20.js	blob	f18d3e37add204dce2b3b06facb64f62dbcebe9d	15079
umtx4/offsets/3.21.js	blob	47bb2a27b3d7c0c04b7222ef58c9cc6b9fbd9f32	15119
umtx4/offsets/4.00.js	blob	87da9be5bc6267ac6a1674248fb374e213bdc185	15088
umtx4/offsets/4.02.js	blob	978c33bf43bfb4439a24e7a2640943973340f0cf	15079
umtx4/offsets/4.03.js	blob	978c33bf43bfb4439a24e7a2640943973340f0cf	15079
umtx4/offsets/4.50.js	blob	3fdb31637fa8e6d9f823ccd5ff8e857cbff14eda	15079
umtx4/offsets/4.51.js	blob	3fdb31637fa8e6d9f823ccd5ff8e857cbff14eda	15079
umtx4/offsets/5.00.js	blob	06bd51dd3ec27fffb3e090a1237e20b939c0c888	15235
umtx4/offsets/5.02.js	blob	06bd51dd3ec27fffb3e090a1237e20b939c0c888	15235
umtx4/offsets/5.10.js	blob	c71cea6f2d6405879dcf67ed4209d93050350d14	15235
umtx4/offsets/5.50.js	blob	89eb1d03c4a296043890e471acbc161088609469	15122
umtx4/psfree/module/offset.js	blob	509260cbdf55ba8248469297d3533de41ac5f6ce	1158
umtx4/rop.js	blob	382f5e9cc9c78dd1a864d1b946436073ccd51110	12458
umtx4/rop_slave.js	blob	b02c55fa3e6be6f9fbf31f066d01933716b3f565	95
