SAME	kern_off_Starsha_UcodeInfo	0x0
SAME	kern_off_clear_time_diff	0x633EC0
DIFF	kern_off_copyin	0x2BD6D0	0x2BD6E0	delta=+16
DIFF	kern_off_copyinstr	0x2BDB80	0x2BDB90	delta=+16
DIFF	kern_off_copyout	0x2BD5E0	0x2BD5F0	delta=+16
DIFF	kern_off_disable_aslr	0x477CB4	0x477CC4	delta=+16
SAME	kern_off_dmpdpi	0x1B2C398
SAME	kern_off_dmpml4i	0x1B2C394
SAME	kern_off_eap_hdd_key	0x26C4CF0
SAME	kern_off_edid	0x275E148
DIFF	kern_off_gc_get_fw_info	0x4BAF50	0x4BAF60	delta=+16
SAME	kern_off_gpu_devid_is_9924	0x4AC5A0
SAME	kern_off_icc_nvs_write	0xA5A10
DIFF	kern_off_icc_query_nowait	0x447B30	0x447B40	delta=+16
DIFF	kern_off_kern_reboot	0x3A1DD0	0x3A1DE0	delta=+16
SAME	kern_off_kernel_map	0x22D1D50
SAME	kern_off_kernel_pmap_store	0x1B2C3A0
DIFF	kern_off_kmem_alloc	0x465A40	0x465A50	delta=+16
DIFF	kern_off_kmem_alloc_contig	0x24D430	0x24D440	delta=+16
DIFF	kern_off_kmem_free	0x465C10	0x465C20	delta=+16
DIFF	kern_off_mmap_self_1	0x3B2DA0	0x3B2DB0	delta=+16
DIFF	kern_off_mmap_self_2	0x3B2DC0	0x3B2DD0	delta=+16
DIFF	kern_off_mmap_self_3	0x1FC4A1	0x1FC4B1	delta=+16
DIFF	kern_off_no_bd_patch	0x1D5DE3	0x1D5DF3	delta=+16
SAME	kern_off_npdrm_close	0x64D6E0
SAME	kern_off_npdrm_ioctl	0x64D737
SAME	kern_off_npdrm_open	0x64D6C0
SAME	kern_off_pmap_extract	0x573D0
SAME	kern_off_pmap_protect	0x58570
SAME	kern_off_pml4pml4i	0x1B2C390
DIFF	kern_off_printf	0x2E0440	0x2E0450	delta=+16
SAME	kern_off_prison0	0x111FA18
DIFF	kern_off_pstate_before_shutdown	0x3A23C0	0x3A23D0	delta=+16
DIFF	kern_off_reg_mgr_set_int	0x4E8470	0x4E8480	delta=+16
SAME	kern_off_rootvnode	0x2136E90
DIFF	kern_off_sched_pin	0x231660	0x231670	delta=+16
DIFF	kern_off_sched_unpin	0x231680	0x231690	delta=+16
DIFF	kern_off_set_cu_power_gate	0x4BA440	0x4BA450	delta=+16
DIFF	kern_off_set_gpu_freq	0x4B9A90	0x4B9AA0	delta=+16
DIFF	kern_off_set_nclk_mem_spd	0x4368F0	0x436900	delta=+16
DIFF	kern_off_set_pstate	0x4BBE60	0x4BBE70	delta=+16
SAME	kern_off_set_time	0x6349E0
DIFF	kern_off_smp_no_rendevous_barrier	0x1AD330	0x1AD340	delta=+16
DIFF	kern_off_smp_rendezvous	0x1AD520	0x1AD530	delta=+16
DIFF	kern_off_snprintf	0x2E0740	0x2E0750	delta=+16
SAME	kern_off_sysent	0x1102B70
SAME	kern_off_target_id	0x21CC60D
DIFF	kern_off_update_vddnp	0x4BA030	0x4BA040	delta=+16
DIFF	kern_off_wlanbt	0x478A50	0x478A60	delta=+16
SAME	kern_off_xfast_syscall	0x1C0
