repo	default_branch	path	git_blob_sha	sha256	status
Prefixmodz/PS4-Kernel-SDK		offsets/firmware-1302.yaml	7ed59a1665aa493f6e938d5466f87c1c299d4eeb	d73760a395409a3f1eb76c44b4febf4aad27a51d238c96ea88f2a7814120805c	FOUND
Prefixmodz/PS4-Kernel-SDK		firmware-1302.yaml	[1;37m{[m
  [1;34m"message"[m[1;37m:[m [32m"Not Found"[m[1;37m,[m
  [1;34m"documentation_url"[m[1;37m:[m [32m"https://docs.github.com/rest/repos/contents#get-repository-content"[m[1;37m,[m
  [1;34m"status"[m[1;37m:[m [32m"404"[m
[1;37m}[m	e3b0c44298fc1c149afbf4c8996fb92427ae41e4649b934ca495991b7852b855	FOUND
Prefixmodz/PS4-Kernel-SDK		Shared/Offsets-1302.h	[1;37m{[m
  [1;34m"message"[m[1;37m:[m [32m"Not Found"[m[1;37m,[m
  [1;34m"documentation_url"[m[1;37m:[m [32m"https://docs.github.com/rest/repos/contents#get-repository-content"[m[1;37m,[m
  [1;34m"status"[m[1;37m:[m [32m"404"[m
[1;37m}[m	e3b0c44298fc1c149afbf4c8996fb92427ae41e4649b934ca495991b7852b855	FOUND
thehealingcenterllc4-lgtm/PS4-Kernel-SDK		offsets/firmware-1302.yaml	[1;37m{[m
  [1;34m"message"[m[1;37m:[m [32m"Not Found"[m[1;37m,[m
  [1;34m"documentation_url"[m[1;37m:[m [32m"https://docs.github.com/rest/repos/contents#get-repository-content"[m[1;37m,[m
  [1;34m"status"[m[1;37m:[m [32m"404"[m
[1;37m}[m	e3b0c44298fc1c149afbf4c8996fb92427ae41e4649b934ca495991b7852b855	FOUND
thehealingcenterllc4-lgtm/PS4-Kernel-SDK		firmware-1302.yaml	[1;37m{[m
  [1;34m"message"[m[1;37m:[m [32m"Not Found"[m[1;37m,[m
  [1;34m"documentation_url"[m[1;37m:[m [32m"https://docs.github.com/rest/repos/contents#get-repository-content"[m[1;37m,[m
  [1;34m"status"[m[1;37m:[m [32m"404"[m
[1;37m}[m	e3b0c44298fc1c149afbf4c8996fb92427ae41e4649b934ca495991b7852b855	FOUND
thehealingcenterllc4-lgtm/PS4-Kernel-SDK		Shared/Offsets-1302.h	[1;37m{[m
  [1;34m"message"[m[1;37m:[m [32m"Not Found"[m[1;37m,[m
  [1;34m"documentation_url"[m[1;37m:[m [32m"https://docs.github.com/rest/repos/contents#get-repository-content"[m[1;37m,[m
  [1;34m"status"[m[1;37m:[m [32m"404"[m
[1;37m}[m	e3b0c44298fc1c149afbf4c8996fb92427ae41e4649b934ca495991b7852b855	FOUND
kemalsanli/PS4-Kernel-SDK		offsets/firmware-1302.yaml	1a9ce5b22a8e8382af0d87f77481914eb9eadb77	aae0d2cd9b310cef6336c0335dbb9e5af965225f4b318a23437f0896b232ea17	FOUND
kemalsanli/PS4-Kernel-SDK		firmware-1302.yaml	[1;37m{[m
  [1;34m"message"[m[1;37m:[m [32m"Not Found"[m[1;37m,[m
  [1;34m"documentation_url"[m[1;37m:[m [32m"https://docs.github.com/rest/repos/contents#get-repository-content"[m[1;37m,[m
  [1;34m"status"[m[1;37m:[m [32m"404"[m
[1;37m}[m	e3b0c44298fc1c149afbf4c8996fb92427ae41e4649b934ca495991b7852b855	FOUND
kemalsanli/PS4-Kernel-SDK		Shared/Offsets-1302.h	[1;37m{[m
  [1;34m"message"[m[1;37m:[m [32m"Not Found"[m[1;37m,[m
  [1;34m"documentation_url"[m[1;37m:[m [32m"https://docs.github.com/rest/repos/contents#get-repository-content"[m[1;37m,[m
  [1;34m"status"[m[1;37m:[m [32m"404"[m
[1;37m}[m	e3b0c44298fc1c149afbf4c8996fb92427ae41e4649b934ca495991b7852b855	FOUND
AetherPS/Fusion		Shared/Offsets-1302.h	[1;37m{[m
  [1;34m"message"[m[1;37m:[m [32m"Not Found"[m[1;37m,[m
  [1;34m"documentation_url"[m[1;37m:[m [32m"https://docs.github.com/rest/repos/contents#get-repository-content"[m[1;37m,[m
  [1;34m"status"[m[1;37m:[m [32m"404"[m
[1;37m}[m	e3b0c44298fc1c149afbf4c8996fb92427ae41e4649b934ca495991b7852b855	FOUND
AetherPS/Fusion		Offsets-1302.h	[1;37m{[m
  [1;34m"message"[m[1;37m:[m [32m"Not Found"[m[1;37m,[m
  [1;34m"documentation_url"[m[1;37m:[m [32m"https://docs.github.com/rest/repos/contents#get-repository-content"[m[1;37m,[m
  [1;34m"status"[m[1;37m:[m [32m"404"[m
[1;37m}[m	e3b0c44298fc1c149afbf4c8996fb92427ae41e4649b934ca495991b7852b855	FOUND
AetherPS/Fusion		offsets/firmware-1302.yaml	[1;37m{[m
  [1;34m"message"[m[1;37m:[m [32m"Not Found"[m[1;37m,[m
  [1;34m"documentation_url"[m[1;37m:[m [32m"https://docs.github.com/rest/repos/contents#get-repository-content"[m[1;37m,[m
  [1;34m"status"[m[1;37m:[m [32m"404"[m
[1;37m}[m	e3b0c44298fc1c149afbf4c8996fb92427ae41e4649b934ca495991b7852b855	FOUND
ArabPixel/Fusion		Shared/Offsets-1302.h	594a8fe5c7bcf3a4390e4b4a21aabc0c0deb099e	7b034c3b933ddbee560ae9dc18cf02cbcd7aa4d8cef6e5ab48154cd972268f7d	FOUND
ArabPixel/Fusion		Offsets-1302.h	[1;37m{[m
  [1;34m"message"[m[1;37m:[m [32m"Not Found"[m[1;37m,[m
  [1;34m"documentation_url"[m[1;37m:[m [32m"https://docs.github.com/rest/repos/contents#get-repository-content"[m[1;37m,[m
  [1;34m"status"[m[1;37m:[m [32m"404"[m
[1;37m}[m	e3b0c44298fc1c149afbf4c8996fb92427ae41e4649b934ca495991b7852b855	FOUND
ArabPixel/Fusion		offsets/firmware-1302.yaml	[1;37m{[m
  [1;34m"message"[m[1;37m:[m [32m"Not Found"[m[1;37m,[m
  [1;34m"documentation_url"[m[1;37m:[m [32m"https://docs.github.com/rest/repos/contents#get-repository-content"[m[1;37m,[m
  [1;34m"status"[m[1;37m:[m [32m"404"[m
[1;37m}[m	e3b0c44298fc1c149afbf4c8996fb92427ae41e4649b934ca495991b7852b855	FOUND
RetroGenPS/Fusion		Shared/Offsets-1302.h	[1;37m{[m
  [1;34m"message"[m[1;37m:[m [32m"Not Found"[m[1;37m,[m
  [1;34m"documentation_url"[m[1;37m:[m [32m"https://docs.github.com/rest/repos/contents#get-repository-content"[m[1;37m,[m
  [1;34m"status"[m[1;37m:[m [32m"404"[m
[1;37m}[m	e3b0c44298fc1c149afbf4c8996fb92427ae41e4649b934ca495991b7852b855	FOUND
RetroGenPS/Fusion		Offsets-1302.h	[1;37m{[m
  [1;34m"message"[m[1;37m:[m [32m"Not Found"[m[1;37m,[m
  [1;34m"documentation_url"[m[1;37m:[m [32m"https://docs.github.com/rest/repos/contents#get-repository-content"[m[1;37m,[m
  [1;34m"status"[m[1;37m:[m [32m"404"[m
[1;37m}[m	e3b0c44298fc1c149afbf4c8996fb92427ae41e4649b934ca495991b7852b855	FOUND
RetroGenPS/Fusion		offsets/firmware-1302.yaml	[1;37m{[m
  [1;34m"message"[m[1;37m:[m [32m"Not Found"[m[1;37m,[m
  [1;34m"documentation_url"[m[1;37m:[m [32m"https://docs.github.com/rest/repos/contents#get-repository-content"[m[1;37m,[m
  [1;34m"status"[m[1;37m:[m [32m"404"[m
[1;37m}[m	e3b0c44298fc1c149afbf4c8996fb92427ae41e4649b934ca495991b7852b855	FOUND
cualquiercosa327/Fusion		Shared/Offsets-1302.h	[1;37m{[m
  [1;34m"message"[m[1;37m:[m [32m"Not Found"[m[1;37m,[m
  [1;34m"documentation_url"[m[1;37m:[m [32m"https://docs.github.com/rest/repos/contents#get-repository-content"[m[1;37m,[m
  [1;34m"status"[m[1;37m:[m [32m"404"[m
[1;37m}[m	e3b0c44298fc1c149afbf4c8996fb92427ae41e4649b934ca495991b7852b855	FOUND
cualquiercosa327/Fusion		Offsets-1302.h	[1;37m{[m
  [1;34m"message"[m[1;37m:[m [32m"Not Found"[m[1;37m,[m
  [1;34m"documentation_url"[m[1;37m:[m [32m"https://docs.github.com/rest/repos/contents#get-repository-content"[m[1;37m,[m
  [1;34m"status"[m[1;37m:[m [32m"404"[m
[1;37m}[m	e3b0c44298fc1c149afbf4c8996fb92427ae41e4649b934ca495991b7852b855	FOUND
cualquiercosa327/Fusion		offsets/firmware-1302.yaml	[1;37m{[m
  [1;34m"message"[m[1;37m:[m [32m"Not Found"[m[1;37m,[m
  [1;34m"documentation_url"[m[1;37m:[m [32m"https://docs.github.com/rest/repos/contents#get-repository-content"[m[1;37m,[m
  [1;34m"status"[m[1;37m:[m [32m"404"[m
[1;37m}[m	e3b0c44298fc1c149afbf4c8996fb92427ae41e4649b934ca495991b7852b855	FOUND
