PS4	100
Orbis PS4	50
PlayStation 4 exploit	17
PlayStation 4 kernel	25
PlayStation 4 WebKit	2
PS4 browser exploit	2
PS4 jailbreak	100
PS4 payload	100
PS4 HEN	100
PS4 firmware	100
PS4 PUP	21
PS4 dump	57
PS4 crashdump	0
PS4 coredump	0
PS4 SELF	22
PS4 SPRX	12
PS4 ELF	22
PS4 symbols	3
PS4 offsets	9
PS4 libkernel	9
PS4 kernel dump	6
Orbis kernel	4
Orbis WebKit	0
PS4 WebKitty	1
CSSFontFace	18
CSSFontFace UAF	3
PSFree WebKit	17
BadHoist PS4	1
mast1c0re	21
kqueue PS4	1
knote PS4	1
PS4 BD-J exploit	0
PS4 exfat exploit	0
PS4 NXDP	0
PS4 ORBISDMP	0
PS4 firmware 13	7
PS4 13.50	2
PS4 13.52 exploit	1
PS4 homebrew	100
PS4 scene	7
PS4 reverse engineering	13
PS4 reverse-engineering	20
PS4 security research	1
PS4 vulnerability	8
PS4 exploit development	5
PS4 browser	44
PS4 WebKit exploit	43
PS4 JavaScript exploit	2
PS4 JIT exploit	0
PS4 memory dump	2
PS4 memory scanner	1
PS4 kernel research	4
PS4 kernel exploit	25
PS4 syscall	4
PS4 ELF parser	0
PS4 SELF parser	0
PS4 firmware tools	9
PlayStation exploit research	2
Orbis exploit	2
Orbis firmware	7
Orbis kernel dump	0
Orbis ELF	3
WebKit exploit PS4	43
WebKit PS4 jailbreak	5
FontFace UAF	0
WebKit UAF PlayStation	2
PS4 kexploit	4
PS4 kernel payload	9
PS4 devkit	5
PS4 firmware reverse engineering	0
PS4 console security	1
PS4 exploitation	100
PS4 WebKit source	3
PS4 WebKit port	2
PS4 JavaScriptCore	0
PS4 JSC exploit	1
PS4 arbitrary read write	0
PS4 addrof fakeobj	0
PS4 vtable exploit	0
PS4 ROP gadgets	1
PS4 crash dump parser	0
PS4 PUP parser	1
PS4 firmware extractor	0
PlayStation 4 kernel dump	2
PlayStation 4 WebKit exploit	1
Orbis reverse engineering	2
Orbis security	5
PS4 SceShellCore	0
PS4 exploit source	6
PS4 WebKit source code	1
PS4 firmware dump tool	1
PS4 kernel source	7
PlayStation WebKit UAF	2
PS4 homebrew exploit	6
PS4 binary analysis	0
PS4 ELF SELF SPRX	1
PS4 WebKit JavaScriptCore exploit	0
PS4 kernel reverse engineering source	0
PS4 console exploit research	0
PS4 firmware security research	0
PS4 browser memory corruption	0
PS4 WebKit memory corruption	0
PS4 exploit payload source	0
PS4 kernel symbols offsets	0
Orbis PS4 security research	0
PlayStation 4 binary reverse engineering	1
PS4 dump analysis	0
PS4 firmware forensics	0
