clone	slug	release_tag	asset_name	asset_size	asset_url
Al-Azif__ps4-payload-guest	Al-Azif/ps4-payload-guest	v0.98	IV0000-AZIF00003_00-PAYLOADGUEST0000.pkg\t34865152\thttps://github.com/Al-Azif/ps4-payload-guest/releases/download/v0.98/IV0000-AZIF00003_00-PAYLOADGUEST0000.pkg		
Al-Azif__ps4-payload-guest	Al-Azif/ps4-payload-guest	v0.97	IV0000-AZIF00003_00-PAYLOADGUEST0000.pkg\t34930688\thttps://github.com/Al-Azif/ps4-payload-guest/releases/download/v0.97/IV0000-AZIF00003_00-PAYLOADGUEST0000.pkg		
Al-Azif__ps4-payload-guest	Al-Azif/ps4-payload-guest	v0.96	IV0000-AZIF00003_00-PAYLOADGUEST0000.pkg\t34799616\thttps://github.com/Al-Azif/ps4-payload-guest/releases/download/v0.96/IV0000-AZIF00003_00-PAYLOADGUEST0000.pkg		
Backporter__Skyrim-Module-Loader	Backporter/Skyrim-Module-Loader	3.0.1	Skyrim-Module-Loader.exe\t87552\thttps://github.com/Backporter/Skyrim-Module-Loader/releases/download/3.0.1/Skyrim-Module-Loader.exe	Skyrim-Module-Loader.zip\t39708\thttps://github.com/Backporter/Skyrim-Module-Loader/releases/download/3.0.1/Skyrim-Module-Loader.zip	
Backporter__Skyrim-Module-Loader	Backporter/Skyrim-Module-Loader	3.00	Skyrim-Module-Loader.exe\t87040\thttps://github.com/Backporter/Skyrim-Module-Loader/releases/download/3.00/Skyrim-Module-Loader.exe		
Backporter__Skyrim-Module-Loader	Backporter/Skyrim-Module-Loader	2.00	Skyrim-Module-Loader.7z\t30456\thttps://github.com/Backporter/Skyrim-Module-Loader/releases/download/2.00/Skyrim-Module-Loader.7z	Skyrim-Module-Loader.exe\t87040\thttps://github.com/Backporter/Skyrim-Module-Loader/releases/download/2.00/Skyrim-Module-Loader.exe	Skyrim-Module-Loader.zip\t39450\thttps://github.com/Backporter/Skyrim-Module-Loader/releases/download/2.00/Skyrim-Module-Loader.zip
Backporter__Skyrim-Module-Loader	Backporter/Skyrim-Module-Loader	1.00	Release.7z\t276458\thttps://github.com/Backporter/Skyrim-Module-Loader/releases/download/1.00/Release.7z	Release.zip\t351596\thttps://github.com/Backporter/Skyrim-Module-Loader/releases/download/1.00/Release.zip	
Creeeeger__PS4-dec	Creeeeger/PS4-dec	v1.0	artifact.zip\t8235\thttps://github.com/Creeeeger/PS4-dec/releases/download/v1.0/artifact.zip		
Feyzee61__ps4jb	Feyzee61/ps4jb	v1.04b	ps4jb_v1.04b.7z\t303632\thttps://github.com/Feyzee61/ps4jb/releases/download/v1.04b/ps4jb_v1.04b.7z		
Feyzee61__ps4jb	Feyzee61/ps4jb	v1.03b	ps4jb_v1.03b.7z\t303501\thttps://github.com/Feyzee61/ps4jb/releases/download/v1.03b/ps4jb_v1.03b.7z		
Feyzee61__ps4jb	Feyzee61/ps4jb	v1.02b	ps4jb_v1.02b.7z\t92568\thttps://github.com/Feyzee61/ps4jb/releases/download/v1.02b/ps4jb_v1.02b.7z		
Master-s__PS4-9.00-11.00-PoC-bin-loader	Master-s/PS4-9.00-11.00-PoC-bin-loader	2.04	PS4-9.00-11.00-PoC-bin-loader_v2.04.zip\t103831\thttps://github.com/Master-s/PS4-9.00-11.00-PoC-bin-loader/releases/download/2.04/PS4-9.00-11.00-PoC-bin-loader_v2.04.zip		
Master-s__PS4-9.00-11.00-PoC-bin-loader	Master-s/PS4-9.00-11.00-PoC-bin-loader	2.03	PS4-9.00-11.00-PoC-bin-loader_v2.03.zip\t103001\thttps://github.com/Master-s/PS4-9.00-11.00-PoC-bin-loader/releases/download/2.03/PS4-9.00-11.00-PoC-bin-loader_v2.03.zip		
Master-s__PS4-9.00-11.00-PoC-bin-loader	Master-s/PS4-9.00-11.00-PoC-bin-loader	2.02	PS4-9.00-11.00-PoC-bin-loader_v2.02.zip\t100003\thttps://github.com/Master-s/PS4-9.00-11.00-PoC-bin-loader/releases/download/2.02/PS4-9.00-11.00-PoC-bin-loader_v2.02.zip		
Master-s__PS4-9.00-11.00-PoC-bin-loader	Master-s/PS4-9.00-11.00-PoC-bin-loader	2.01	PS4-9.00-11.00-PoC-bin-loader_v2.01.zip\t83850\thttps://github.com/Master-s/PS4-9.00-11.00-PoC-bin-loader/releases/download/2.01/PS4-9.00-11.00-PoC-bin-loader_v2.01.zip		
Scene-Collective__ps4-hen	Scene-Collective/ps4-hen	pre-release-main-181	hen.bin\t499776\thttps://github.com/Scene-Collective/ps4-hen/releases/download/pre-release-main-181/hen.bin		
Scene-Collective__ps4-hen	Scene-Collective/ps4-hen	pre-release-main-179	hen.bin\t498880\thttps://github.com/Scene-Collective/ps4-hen/releases/download/pre-release-main-179/hen.bin		
Scene-Collective__ps4-hen	Scene-Collective/ps4-hen	pre-release-main-177	hen.bin\t498016\thttps://github.com/Scene-Collective/ps4-hen/releases/download/pre-release-main-177/hen.bin		
Scene-Collective__ps4-hen	Scene-Collective/ps4-hen	pre-release-main-175	hen.bin\t497504\thttps://github.com/Scene-Collective/ps4-hen/releases/download/pre-release-main-175/hen.bin		
Scene-Collective__ps4-hen	Scene-Collective/ps4-hen	pre-release-main-173	hen.bin\t497504\thttps://github.com/Scene-Collective/ps4-hen/releases/download/pre-release-main-173/hen.bin		
Scene-Collective__ps4-hen	Scene-Collective/ps4-hen	pre-release-main-171	hen.bin\t496800\thttps://github.com/Scene-Collective/ps4-hen/releases/download/pre-release-main-171/hen.bin		
Scene-Collective__ps4-hen	Scene-Collective/ps4-hen	pre-release-main-170	hen.bin\t496800\thttps://github.com/Scene-Collective/ps4-hen/releases/download/pre-release-main-170/hen.bin		
Scene-Collective__ps4-hen	Scene-Collective/ps4-hen	pre-release-main-168	hen.bin\t496160\thttps://github.com/Scene-Collective/ps4-hen/releases/download/pre-release-main-168/hen.bin		
Scene-Collective__ps4-hen	Scene-Collective/ps4-hen	pre-release-main-167	hen.bin\t495456\thttps://github.com/Scene-Collective/ps4-hen/releases/download/pre-release-main-167/hen.bin		
Scene-Collective__ps4-hen	Scene-Collective/ps4-hen	pre-release-main-165	hen.bin\t495520\thttps://github.com/Scene-Collective/ps4-hen/releases/download/pre-release-main-165/hen.bin		
Scene-Collective__ps4-hen	Scene-Collective/ps4-hen	pre-release-main-163	hen.bin\t495456\thttps://github.com/Scene-Collective/ps4-hen/releases/download/pre-release-main-163/hen.bin		
Scene-Collective__ps4-hen	Scene-Collective/ps4-hen	pre-release-main-161	hen.bin\t495456\thttps://github.com/Scene-Collective/ps4-hen/releases/download/pre-release-main-161/hen.bin		
Scene-Collective__ps4-hen	Scene-Collective/ps4-hen	pre-release-main-151	hen.bin\t476128\thttps://github.com/Scene-Collective/ps4-hen/releases/download/pre-release-main-151/hen.bin		
Scene-Collective__ps4-hen	Scene-Collective/ps4-hen	pre-release-main-149	hen.bin\t476128\thttps://github.com/Scene-Collective/ps4-hen/releases/download/pre-release-main-149/hen.bin		
Scene-Collective__ps4-hen	Scene-Collective/ps4-hen	pre-release-main-146	hen.bin\t476096\thttps://github.com/Scene-Collective/ps4-hen/releases/download/pre-release-main-146/hen.bin		
Scene-Collective__ps4-hen	Scene-Collective/ps4-hen	pre-release-main-145	hen.bin\t476096\thttps://github.com/Scene-Collective/ps4-hen/releases/download/pre-release-main-145/hen.bin		
Scene-Collective__ps4-hen	Scene-Collective/ps4-hen	pre-release-main-143	hen.bin\t476096\thttps://github.com/Scene-Collective/ps4-hen/releases/download/pre-release-main-143/hen.bin		
Scene-Collective__ps4-hen	Scene-Collective/ps4-hen	pre-release-main-140	hen.bin\t384028\thttps://github.com/Scene-Collective/ps4-hen/releases/download/pre-release-main-140/hen.bin		
Scene-Collective__ps4-hen	Scene-Collective/ps4-hen	pre-release-main-130	hen.bin\t374460\thttps://github.com/Scene-Collective/ps4-hen/releases/download/pre-release-main-130/hen.bin		
Scene-Collective__ps4-hen	Scene-Collective/ps4-hen	pre-release-main-129	hen.bin\t374460\thttps://github.com/Scene-Collective/ps4-hen/releases/download/pre-release-main-129/hen.bin		
Scene-Collective__ps4-hen	Scene-Collective/ps4-hen	pre-release-main-124	hen.bin\t373244\thttps://github.com/Scene-Collective/ps4-hen/releases/download/pre-release-main-124/hen.bin		
Scene-Collective__ps4-hen	Scene-Collective/ps4-hen	pre-release-main-123	hen.bin\t373244\thttps://github.com/Scene-Collective/ps4-hen/releases/download/pre-release-main-123/hen.bin		
Scene-Collective__ps4-hen	Scene-Collective/ps4-hen	pre-release-main-119	hen.bin\t373148\thttps://github.com/Scene-Collective/ps4-hen/releases/download/pre-release-main-119/hen.bin		
Scene-Collective__ps4-hen	Scene-Collective/ps4-hen	pre-release-main-118	hen.bin\t373084\thttps://github.com/Scene-Collective/ps4-hen/releases/download/pre-release-main-118/hen.bin		
Scene-Collective__ps4-hen	Scene-Collective/ps4-hen	pre-release-main-115	hen.bin\t370396\thttps://github.com/Scene-Collective/ps4-hen/releases/download/pre-release-main-115/hen.bin		
Scene-Collective__ps4-hen	Scene-Collective/ps4-hen	pre-release-main-113	hen.bin\t369852\thttps://github.com/Scene-Collective/ps4-hen/releases/download/pre-release-main-113/hen.bin		
Scene-Collective__ps4-hen	Scene-Collective/ps4-hen	pre-release-exploit_fixes-116	hen.bin\t373084\thttps://github.com/Scene-Collective/ps4-hen/releases/download/pre-release-exploit_fixes-116/hen.bin		
Scene-Collective__ps4-hen	Scene-Collective/ps4-hen	pre-release-exploit_fixes-105	hen.bin\t243292\thttps://github.com/Scene-Collective/ps4-hen/releases/download/pre-release-exploit_fixes-105/hen.bin		
Scene-Collective__ps4-hen	Scene-Collective/ps4-hen	pre-release-exploit_fixes-104	hen.bin\t243292\thttps://github.com/Scene-Collective/ps4-hen/releases/download/pre-release-exploit_fixes-104/hen.bin		
Scene-Collective__ps4-hen	Scene-Collective/ps4-hen	pre-release-main-100	hen.bin\t241020\thttps://github.com/Scene-Collective/ps4-hen/releases/download/pre-release-main-100/hen.bin		
Scene-Collective__ps4-hen	Scene-Collective/ps4-hen	pre-release-exploit_fixes-103	hen.bin\t243068\thttps://github.com/Scene-Collective/ps4-hen/releases/download/pre-release-exploit_fixes-103/hen.bin		
Scene-Collective__ps4-hen	Scene-Collective/ps4-hen	pre-release-exploit_fixes-94	hen.bin\t244188\thttps://github.com/Scene-Collective/ps4-hen/releases/download/pre-release-exploit_fixes-94/hen.bin		
Scene-Collective__ps4-hen	Scene-Collective/ps4-hen	pre-release-exploit_fixes-93	hen.bin\t244092\thttps://github.com/Scene-Collective/ps4-hen/releases/download/pre-release-exploit_fixes-93/hen.bin		
Scene-Collective__ps4-hen	Scene-Collective/ps4-hen	pre-release-main-88	hen.bin\t241820\thttps://github.com/Scene-Collective/ps4-hen/releases/download/pre-release-main-88/hen.bin		
Scene-Collective__ps4-hen	Scene-Collective/ps4-hen	pre-release-exploit_fixes-92	hen.bin\t243996\thttps://github.com/Scene-Collective/ps4-hen/releases/download/pre-release-exploit_fixes-92/hen.bin		
Scene-Collective__ps4-hen	Scene-Collective/ps4-hen	pre-release-exploit_fixes-91	hen.bin\t243868\thttps://github.com/Scene-Collective/ps4-hen/releases/download/pre-release-exploit_fixes-91/hen.bin		
Scene-Collective__ps4-hen	Scene-Collective/ps4-hen	pre-release-exploit_fixes-90	hen.bin\t242972\thttps://github.com/Scene-Collective/ps4-hen/releases/download/pre-release-exploit_fixes-90/hen.bin		
Scene-Collective__ps4-hen	Scene-Collective/ps4-hen	pre-release-exploit_fixes-89	hen.bin\t242716\thttps://github.com/Scene-Collective/ps4-hen/releases/download/pre-release-exploit_fixes-89/hen.bin		
Scene-Collective__ps4-hen	Scene-Collective/ps4-hen	pre-release-main-85	hen.bin\t241756\thttps://github.com/Scene-Collective/ps4-hen/releases/download/pre-release-main-85/hen.bin		
Scene-Collective__ps4-hen	Scene-Collective/ps4-hen	pre-release-main-72	hen.bin\t238492\thttps://github.com/Scene-Collective/ps4-hen/releases/download/pre-release-main-72/hen.bin		
Scene-Collective__ps4-hen	Scene-Collective/ps4-hen	pre-release-main-71	hen.bin\t238428\thttps://github.com/Scene-Collective/ps4-hen/releases/download/pre-release-main-71/hen.bin		
Scene-Collective__ps4-hen	Scene-Collective/ps4-hen	pre-release-main-70	hen.bin\t230620\thttps://github.com/Scene-Collective/ps4-hen/releases/download/pre-release-main-70/hen.bin		
Scene-Collective__ps4-hen	Scene-Collective/ps4-hen	pre-release-main-63	hen.bin\t230652\thttps://github.com/Scene-Collective/ps4-hen/releases/download/pre-release-main-63/hen.bin		
Scene-Collective__ps4-hen	Scene-Collective/ps4-hen	pre-release-main-59	hen.bin\t230588\thttps://github.com/Scene-Collective/ps4-hen/releases/download/pre-release-main-59/hen.bin		
Scene-Collective__ps4-hen	Scene-Collective/ps4-hen	pre-release-main-57	hen.bin\t230604\thttps://github.com/Scene-Collective/ps4-hen/releases/download/pre-release-main-57/hen.bin		
Scene-Collective__ps4-hen	Scene-Collective/ps4-hen	pre-release-main-49	hen.bin\t1037892\thttps://github.com/Scene-Collective/ps4-hen/releases/download/pre-release-main-49/hen.bin		
Scene-Collective__ps4-hen	Scene-Collective/ps4-hen	pre-release-main-47	hen.bin\t1037892\thttps://github.com/Scene-Collective/ps4-hen/releases/download/pre-release-main-47/hen.bin		
Scene-Collective__ps4-hen	Scene-Collective/ps4-hen	pre-release-main-44	hen.bin\t1037988\thttps://github.com/Scene-Collective/ps4-hen/releases/download/pre-release-main-44/hen.bin		
Scene-Collective__ps4-hen	Scene-Collective/ps4-hen	pre-release-main-39	hen.bin\t1037732\thttps://github.com/Scene-Collective/ps4-hen/releases/download/pre-release-main-39/hen.bin		
Vuemony__vue-after-free	Vuemony/vue-after-free	2.0	VueExtStorage.7z\t191201248\thttps://github.com/Vuemony/vue-after-free/releases/download/2.0/VueExtStorage.7z	VueLiteManualSetup.7z\t3264266\thttps://github.com/Vuemony/vue-after-free/releases/download/2.0/VueLiteManualSetup.7z	VueLiteSystemBackup.7z\t448629517\thttps://github.com/Vuemony/vue-after-free/releases/download/2.0/VueLiteSystemBackup.7z	VueManualSetup.7z\t53291518\thttps://github.com/Vuemony/vue-after-free/releases/download/2.0/VueManualSetup.7z	VueSystemBackup.7z\t448629462\thttps://github.com/Vuemony/vue-after-free/releases/download/2.0/VueSystemBackup.7z
Vuemony__vue-after-free	Vuemony/vue-after-free	v1.4			
Vuemony__vue-after-free	Vuemony/vue-after-free	v1.3			
Vuemony__vue-after-free	Vuemony/vue-after-free	v1.2			
Vuemony__vue-after-free	Vuemony/vue-after-free	v1.1			
Vuemony__vue-after-free	Vuemony/vue-after-free	v1.0			
a0zhar__PS4.badhoist	a0zhar/PS4.badhoist	v2	dumps.rar\t47885477\thttps://github.com/a0zhar/PS4.badhoist/releases/download/v2/dumps.rar		
a0zhar__PS4.badhoist	a0zhar/PS4.badhoist	v1.2	newDump.rar\t56049178\thttps://github.com/a0zhar/PS4.badhoist/releases/download/v1.2/newDump.rar		
a0zhar__PS4.badhoist	a0zhar/PS4.badhoist	v1.0	dumps.rar\t12047561\thttps://github.com/a0zhar/PS4.badhoist/releases/download/v1.0/dumps.rar		
andy-man__ps4-pup-decrypt	andy-man/ps4-pup-decrypt	v0.1	ps4-pup-decrypt.bin\t26916\thttps://github.com/andy-man/ps4-pup-decrypt/releases/download/v0.1/ps4-pup-decrypt.bin	pup-unpack.exe\t111616\thttps://github.com/andy-man/ps4-pup-decrypt/releases/download/v0.1/pup-unpack.exe	
balika011__belf	balika011/belf	v0.2	belf64.dll\t93696\thttps://github.com/balika011/belf/releases/download/v0.2/belf64.dll	dynlib.xml\t1382852\thttps://github.com/balika011/belf/releases/download/v0.2/dynlib.xml	
balika011__belf	balika011/belf	v0.1	belf64.dll\t93696\thttps://github.com/balika011/belf/releases/download/v0.1/belf64.dll	dynlib.xml\t1051178\thttps://github.com/balika011/belf/releases/download/v0.1/dynlib.xml	
idlesauce__ps4-eboot-dlc-patcher	idlesauce/ps4-eboot-dlc-patcher	v1.2.1	ps4-eboot-dlc-patcher-framework-dependent.zip\t935824\thttps://github.com/idlesauce/ps4-eboot-dlc-patcher/releases/download/v1.2.1/ps4-eboot-dlc-patcher-framework-dependent.zip	ps4-eboot-dlc-patcher-linux-arm64\t8140792\thttps://github.com/idlesauce/ps4-eboot-dlc-patcher/releases/download/v1.2.1/ps4-eboot-dlc-patcher-linux-arm64	ps4-eboot-dlc-patcher-linux-x64\t7811288\thttps://github.com/idlesauce/ps4-eboot-dlc-patcher/releases/download/v1.2.1/ps4-eboot-dlc-patcher-linux-x64	ps4-eboot-dlc-patcher-win-arm64.exe\t6983680\thttps://github.com/idlesauce/ps4-eboot-dlc-patcher/releases/download/v1.2.1/ps4-eboot-dlc-patcher-win-arm64.exe	ps4-eboot-dlc-patcher-win-x64.exe\t6732800\thttps://github.com/idlesauce/ps4-eboot-dlc-patcher/releases/download/v1.2.1/ps4-eboot-dlc-patcher-win-x64.exe
idlesauce__ps4-eboot-dlc-patcher	idlesauce/ps4-eboot-dlc-patcher	v1.2.0	ps4-eboot-dlc-patcher-framework-dependent.zip\t935870\thttps://github.com/idlesauce/ps4-eboot-dlc-patcher/releases/download/v1.2.0/ps4-eboot-dlc-patcher-framework-dependent.zip	ps4-eboot-dlc-patcher-linux-arm64\t8140792\thttps://github.com/idlesauce/ps4-eboot-dlc-patcher/releases/download/v1.2.0/ps4-eboot-dlc-patcher-linux-arm64	ps4-eboot-dlc-patcher-linux-x64\t7811288\thttps://github.com/idlesauce/ps4-eboot-dlc-patcher/releases/download/v1.2.0/ps4-eboot-dlc-patcher-linux-x64	ps4-eboot-dlc-patcher-win-arm64.exe\t6983680\thttps://github.com/idlesauce/ps4-eboot-dlc-patcher/releases/download/v1.2.0/ps4-eboot-dlc-patcher-win-arm64.exe	ps4-eboot-dlc-patcher-win-x64.exe\t6732800\thttps://github.com/idlesauce/ps4-eboot-dlc-patcher/releases/download/v1.2.0/ps4-eboot-dlc-patcher-win-x64.exe
idlesauce__ps4-eboot-dlc-patcher	idlesauce/ps4-eboot-dlc-patcher	v1.1.0	ps4-eboot-dlc-patcher-framework-dependent.zip\t936035\thttps://github.com/idlesauce/ps4-eboot-dlc-patcher/releases/download/v1.1.0/ps4-eboot-dlc-patcher-framework-dependent.zip	ps4-eboot-dlc-patcher-linux-arm64\t8244472\thttps://github.com/idlesauce/ps4-eboot-dlc-patcher/releases/download/v1.1.0/ps4-eboot-dlc-patcher-linux-arm64	ps4-eboot-dlc-patcher-linux-x64\t7906760\thttps://github.com/idlesauce/ps4-eboot-dlc-patcher/releases/download/v1.1.0/ps4-eboot-dlc-patcher-linux-x64	ps4-eboot-dlc-patcher-win-arm64.exe\t7062528\thttps://github.com/idlesauce/ps4-eboot-dlc-patcher/releases/download/v1.1.0/ps4-eboot-dlc-patcher-win-arm64.exe	ps4-eboot-dlc-patcher-win-x64.exe\t6802432\thttps://github.com/idlesauce/ps4-eboot-dlc-patcher/releases/download/v1.1.0/ps4-eboot-dlc-patcher-win-x64.exe
idlesauce__ps4-eboot-dlc-patcher	idlesauce/ps4-eboot-dlc-patcher	v1.0.1	ps4-eboot-dlc-patcher-framework-dependent.zip\t930006\thttps://github.com/idlesauce/ps4-eboot-dlc-patcher/releases/download/v1.0.1/ps4-eboot-dlc-patcher-framework-dependent.zip	ps4-eboot-dlc-patcher-linux-arm64\t7732472\thttps://github.com/idlesauce/ps4-eboot-dlc-patcher/releases/download/v1.0.1/ps4-eboot-dlc-patcher-linux-arm64	ps4-eboot-dlc-patcher-linux-x64\t7423464\thttps://github.com/idlesauce/ps4-eboot-dlc-patcher/releases/download/v1.0.1/ps4-eboot-dlc-patcher-linux-x64	ps4-eboot-dlc-patcher-win-arm64.exe\t6603776\thttps://github.com/idlesauce/ps4-eboot-dlc-patcher/releases/download/v1.0.1/ps4-eboot-dlc-patcher-win-arm64.exe	ps4-eboot-dlc-patcher-win-x64.exe\t6368768\thttps://github.com/idlesauce/ps4-eboot-dlc-patcher/releases/download/v1.0.1/ps4-eboot-dlc-patcher-win-x64.exe
idlesauce__ps4-eboot-dlc-patcher	idlesauce/ps4-eboot-dlc-patcher	v1.0.0	ps4-eboot-dlc-patcher-framework-dependent.zip\t930009\thttps://github.com/idlesauce/ps4-eboot-dlc-patcher/releases/download/v1.0.0/ps4-eboot-dlc-patcher-framework-dependent.zip	ps4-eboot-dlc-patcher-linux-arm64\t7732472\thttps://github.com/idlesauce/ps4-eboot-dlc-patcher/releases/download/v1.0.0/ps4-eboot-dlc-patcher-linux-arm64	ps4-eboot-dlc-patcher-linux-x64\t7423464\thttps://github.com/idlesauce/ps4-eboot-dlc-patcher/releases/download/v1.0.0/ps4-eboot-dlc-patcher-linux-x64	ps4-eboot-dlc-patcher-win-arm64.exe\t6603776\thttps://github.com/idlesauce/ps4-eboot-dlc-patcher/releases/download/v1.0.0/ps4-eboot-dlc-patcher-win-arm64.exe	ps4-eboot-dlc-patcher-win-x64.exe\t6368768\thttps://github.com/idlesauce/ps4-eboot-dlc-patcher/releases/download/v1.0.0/ps4-eboot-dlc-patcher-win-x64.exe
kimariin__BlueLoader	kimariin/BlueLoader	v0.6	blueloader.iso\t16777216\thttps://github.com/kimariin/BlueLoader/releases/download/v0.6/blueloader.iso	fsdump.jar\t2916\thttps://github.com/kimariin/BlueLoader/releases/download/v0.6/fsdump.jar	lapse.jar\t78905\thttps://github.com/kimariin/BlueLoader/releases/download/v0.6/lapse.jar
kimariin__BlueLoader	kimariin/BlueLoader	v0.5	blueloader.iso\t16777216\thttps://github.com/kimariin/BlueLoader/releases/download/v0.5/blueloader.iso	fsdump.jar\t2916\thttps://github.com/kimariin/BlueLoader/releases/download/v0.5/fsdump.jar	lapse.jar\t63871\thttps://github.com/kimariin/BlueLoader/releases/download/v0.5/lapse.jar
kimariin__BlueLoader	kimariin/BlueLoader	v0.4	blueloader.iso\t16777216\thttps://github.com/kimariin/BlueLoader/releases/download/v0.4/blueloader.iso	fsdump.jar\t2916\thttps://github.com/kimariin/BlueLoader/releases/download/v0.4/fsdump.jar	lapse.jar\t63873\thttps://github.com/kimariin/BlueLoader/releases/download/v0.4/lapse.jar
kimariin__BlueLoader	kimariin/BlueLoader	v0.3	blueloader.iso\t16777216\thttps://github.com/kimariin/BlueLoader/releases/download/v0.3/blueloader.iso	fsdump.jar\t2942\thttps://github.com/kimariin/BlueLoader/releases/download/v0.3/fsdump.jar	lapse.jar\t60710\thttps://github.com/kimariin/BlueLoader/releases/download/v0.3/lapse.jar
kimariin__BlueLoader	kimariin/BlueLoader	v0.2	blueloader.iso\t16777216\thttps://github.com/kimariin/BlueLoader/releases/download/v0.2/blueloader.iso	fsdump.jar\t2942\thttps://github.com/kimariin/BlueLoader/releases/download/v0.2/fsdump.jar	lapse.jar\t62473\thttps://github.com/kimariin/BlueLoader/releases/download/v0.2/lapse.jar
kimariin__BlueLoader	kimariin/BlueLoader	v0.1	blueloader.iso\t16777216\thttps://github.com/kimariin/BlueLoader/releases/download/v0.1/blueloader.iso	payload.jar\t34255\thttps://github.com/kimariin/BlueLoader/releases/download/v0.1/payload.jar	
ps4-linux__ps4-linux-loader	ps4-linux/ps4-linux-loader	v25	PS4-Linux-Loader-v25.zip\t344640\thttps://github.com/ps4-linux/ps4-linux-loader/releases/download/v25/PS4-Linux-Loader-v25.zip		
ps4-linux__ps4-linux-loader	ps4-linux/ps4-linux-loader	v24b.1	PS4-Linux-Payloads-v24b.1.zip\t342205\thttps://github.com/ps4-linux/ps4-linux-loader/releases/download/v24b.1/PS4-Linux-Payloads-v24b.1.zip		
ps4-linux__ps4-linux-loader	ps4-linux/ps4-linux-loader	v24b	ps4-linux-payloads-v24b.zip\t357791\thttps://github.com/ps4-linux/ps4-linux-loader/releases/download/v24b/ps4-linux-payloads-v24b.zip		
ps4-linux__ps4-linux-loader	ps4-linux/ps4-linux-loader	v24	ps4-linux-payloads-v24.zip\t336259\thttps://github.com/ps4-linux/ps4-linux-loader/releases/download/v24/ps4-linux-payloads-v24.zip		
ps4-linux__ps4-linux-loader	ps4-linux/ps4-linux-loader	v23	ps4-linux-payloads-v23.zip\t5318474\thttps://github.com/ps4-linux/ps4-linux-loader/releases/download/v23/ps4-linux-payloads-v23.zip		
ps4-linux__ps4-linux-loader	ps4-linux/ps4-linux-loader	v22	ps4-linux-payloads-v22.zip\t7511048\thttps://github.com/ps4-linux/ps4-linux-loader/releases/download/v22/ps4-linux-payloads-v22.zip		
ps4-linux__ps4-linux-loader	ps4-linux/ps4-linux-loader	v21.5	PS4-Linux-Payloads-v21.5.zip\t5298916\thttps://github.com/ps4-linux/ps4-linux-loader/releases/download/v21.5/PS4-Linux-Payloads-v21.5.zip		
ps4-linux__ps4-linux-loader	ps4-linux/ps4-linux-loader	v21	PS4-Linux-Payloads.zip\t5335468\thttps://github.com/ps4-linux/ps4-linux-loader/releases/download/v21/PS4-Linux-Payloads.zip		
ps4-linux__ps4-linux-loader	ps4-linux/ps4-linux-loader	v20	PS4-Linux-Payloads.zip\t4624006\thttps://github.com/ps4-linux/ps4-linux-loader/releases/download/v20/PS4-Linux-Payloads.zip		
ps4dev__elf-loader	ps4dev/elf-loader	v1.0.0			
ps4dev__ps4sdk	ps4dev/ps4sdk	v1.0.0			
sthetix__PS4-Payload-Loader	sthetix/PS4-Payload-Loader	1.0	ps4payloadloader.bin\t4173824\thttps://github.com/sthetix/PS4-Payload-Loader/releases/download/1.0/ps4payloadloader.bin		
